id	root	asset	uexp_offset	mode	export	source	translation	comment
bc8617074832	legacy_quests	KnightsEnd/Content/KnightsEnd/GameBackend/Systems/QuestSystem/DT_Quests.uasset	77	narrow	DT_Quests	Fetch Me Bucket	Принеси ведро	
82c383730785	legacy_quests	KnightsEnd/Content/KnightsEnd/GameBackend/Systems/QuestSystem/DT_Quests.uasset	151	narrow	DT_Quests	Fetch the Bucket near the Castle Gates	Найди ведро у замковых ворот	
be894ae11710	legacy_quests	KnightsEnd/Content/KnightsEnd/GameBackend/Systems/QuestSystem/DT_Quests.uasset	248	narrow	DT_Quests	Fetch my old bucket	Найди мое старое ведро	
7c3b5fbec369	legacy_quests	KnightsEnd/Content/KnightsEnd/GameBackend/Systems/QuestSystem/DT_Quests.uasset	345	narrow	DT_Quests	Return the Bucket to the Castle Gates	Верни ведро к замковым воротам	
163a28c5d460	legacy_quests	KnightsEnd/Content/KnightsEnd/GameBackend/Systems/QuestSystem/DT_Quests.uasset	441	narrow	DT_Quests	Description of the objective.	Описание цели.	
0459bba3d2e3	legacy_quests	KnightsEnd/Content/KnightsEnd/GameBackend/Systems/QuestSystem/DT_Quests.uasset	531	narrow	DT_Quests	"Oi a new face, and much uglier and dumber than the last!                    
Well, yee'll do. Left me favorite BUCKET just outside the GATE. 
These GATES right here ya free loader . . .         
Maybe by the well . . .                         
Or one of the wagons . . .                                             
Or Maybe in the shed . . .                                    
Oh well, I can't remember . . .    "	О, новая рожа. Еще страшнее и тупее прошлой! Ладно, сойдешь. Я оставил свое любимое ВЕДРО где-то у ВОРОТ. У этих самых ворот, дармоед... Может, у колодца... Или у одной из телег... Или в сарае... Не помню.	
06ca8a9ad68b	legacy_quests	KnightsEnd/Content/KnightsEnd/GameBackend/Systems/QuestSystem/DT_Quests.uasset	1040	narrow	DT_Quests	What Are Those Rocks?	Что это за камни?	
3168ea5b7f3a	legacy_quests	KnightsEnd/Content/KnightsEnd/GameBackend/Systems/QuestSystem/DT_Quests.uasset	1120	narrow	DT_Quests	Find out how to make the stange Glowing Flesh go away out front of the Gates	Узнай, как убрать странную светящуюся плоть перед воротами	
d1fdde062a43	legacy_quests	KnightsEnd/Content/KnightsEnd/GameBackend/Systems/QuestSystem/DT_Quests.uasset	1255	narrow	DT_Quests	Get the rooooocks	Добудь кааамни	
4434471952ca	legacy_quests	KnightsEnd/Content/KnightsEnd/GameBackend/Systems/QuestSystem/DT_Quests.uasset	1351	narrow	DT_Quests	Return to the Gates	Вернись к воротам	
a25715482a30	legacy_quests	KnightsEnd/Content/KnightsEnd/GameBackend/Systems/QuestSystem/DT_Quests.uasset	1429	narrow	DT_Quests	Speak to Villager at the Castle Gates	Поговори с жителем у замковых ворот	
d4538eeda8bf	legacy_quests	KnightsEnd/Content/KnightsEnd/GameBackend/Systems/QuestSystem/DT_Quests.uasset	1527	narrow	DT_Quests	"Aye . . . wait who be you? A new Knight, gods help us . . .        
THREE PILLARS of FLESH have broke up from outside the GATES!             
Now yee gotta go figure out howda get rid of em! They just popped back up when I tried pokin em with a stick, its creeping all us out . . .                                                                                                
Hurry up now! They must be up to no good. I can feel it . . ."	Эй... постой, ты кто таков? Новый рыцарь? Боги, сжальтесь над нами... У ВОРОТ поднялись ТРИ СТОЛБА ПЛОТИ! Теперь тебе разбираться, как от них избавиться. Я ткнул один палкой, а он снова вылез. Всех от этого воротит... Шевелись. Добра от них не жди, нутром чую.	
2cba4ffdd377	legacy_quests	KnightsEnd/Content/KnightsEnd/GameBackend/Systems/QuestSystem/DT_Quests.uasset	2058	narrow	DT_Quests	Rid That Growth	Избавься от нароста	
0c8f7ffbefa7	legacy_quests	KnightsEnd/Content/KnightsEnd/GameBackend/Systems/QuestSystem/DT_Quests.uasset	2132	narrow	DT_Quests	Click and Hold Interact on the Red Growth outside the Castle Walls	Зажми взаимодействие на красном наросте за стенами замка	
390cc4b52eae	legacy_quests	KnightsEnd/Content/KnightsEnd/GameBackend/Systems/QuestSystem/DT_Quests.uasset	2257	narrow	DT_Quests	Get the mushrooooom	Добудь гриииб	
e3801410bf32	legacy_quests	KnightsEnd/Content/KnightsEnd/GameBackend/Systems/QuestSystem/DT_Quests.uasset	2355	narrow	DT_Quests	Return to the Gates	Вернись к воротам	
bce377bedb3a	legacy_quests	KnightsEnd/Content/KnightsEnd/GameBackend/Systems/QuestSystem/DT_Quests.uasset	2433	narrow	DT_Quests	Return to the Castle Gates	Вернись к замковым воротам	
5d3286974ee1	legacy_quests	KnightsEnd/Content/KnightsEnd/GameBackend/Systems/QuestSystem/DT_Quests.uasset	2520	utf16	DT_Quests	"Oi, look at thee new, untested, and scrawny. Yee must pass me test . . .            
There’s another BIG FLESHY GROWTH near these CASTLE WALLS.       
It's got TENTACLES and GLOWIN' RED! Hurry before it makes more . . .                              
To remove it you go touch an hold it for a second or two . . .                                                         
But don’t you dare come close to me till you’ve washed yourself clean!"	Гляньте-ка: новенький, непроверенный и тощий. Пройдешь мое испытание... У ЗАМКОВЫХ СТЕН вырос еще один БОЛЬШОЙ МЯСНОЙ НАРОСТ. С щупальцами, красным светится! Торопись, пока он не расплодился. Чтобы убрать его, подойди и удерживай руку пару секунд... Но ко мне не приближайся, пока не отмоешься!	
0772bc14b4a6	legacy_quests	KnightsEnd/Content/KnightsEnd/GameBackend/Systems/QuestSystem/DT_Quests.uasset	3498	narrow	DT_Quests	Fetch Me Sword	Принеси мой меч	
7012663f87df	legacy_quests	KnightsEnd/Content/KnightsEnd/GameBackend/Systems/QuestSystem/DT_Quests.uasset	3571	narrow	DT_Quests	Fetch the Sword from somewhere inside the Barn on the Farm.	Найди меч где-то в амбаре на ферме.	
ae891ceb84b2	legacy_quests	KnightsEnd/Content/KnightsEnd/GameBackend/Systems/QuestSystem/DT_Quests.uasset	3689	narrow	DT_Quests	Fetch test sword	Найди меч	
997bf641c694	legacy_quests	KnightsEnd/Content/KnightsEnd/GameBackend/Systems/QuestSystem/DT_Quests.uasset	3783	narrow	DT_Quests	Return the Sword to the Gates	Верни меч к воротам	
a1b0f7ccf281	legacy_quests	KnightsEnd/Content/KnightsEnd/GameBackend/Systems/QuestSystem/DT_Quests.uasset	3871	narrow	DT_Quests	Description of the objective.	Описание цели.	
aa8337787c3e	legacy_quests	KnightsEnd/Content/KnightsEnd/GameBackend/Systems/QuestSystem/DT_Quests.uasset	3961	narrow	DT_Quests	"A man may only walk one path in life . . .            
I chose to walk here and leave me SWORD at the FARM. Now your path lies before yee, down to the FARM to bring me back my SWORD . . .                            
The childen may sing of your glory . . .  if I ever bother to tell it"	Человек идет лишь одной тропой... Я выбрал эту и оставил МЕЧ на ФЕРМЕ. Твоя тропа ведет туда же: принеси мой МЕЧ. Может, дети воспоют твою славу... если я вообще им расскажу.	
dad3202e8c54	legacy_quests	KnightsEnd/Content/KnightsEnd/GameBackend/Systems/QuestSystem/DT_Quests.uasset	4341	narrow	DT_Quests	Fetch Me Sword	Принеси мой меч	
decca61020e8	legacy_quests	KnightsEnd/Content/KnightsEnd/GameBackend/Systems/QuestSystem/DT_Quests.uasset	4414	narrow	DT_Quests	Fetch the Sword from somewhere in the Village Inn.	Найди меч где-то в деревенской таверне.	
3b364149c03c	legacy_quests	KnightsEnd/Content/KnightsEnd/GameBackend/Systems/QuestSystem/DT_Quests.uasset	4523	narrow	DT_Quests	Fetch sword	Найди меч	
313712f57c27	legacy_quests	KnightsEnd/Content/KnightsEnd/GameBackend/Systems/QuestSystem/DT_Quests.uasset	4612	narrow	DT_Quests	Return the Sword to the Gates	Верни меч к воротам	
eb3231e7d51c	legacy_quests	KnightsEnd/Content/KnightsEnd/GameBackend/Systems/QuestSystem/DT_Quests.uasset	4700	narrow	DT_Quests	Description of the objective.	Описание цели.	
343747275529	legacy_quests	KnightsEnd/Content/KnightsEnd/GameBackend/Systems/QuestSystem/DT_Quests.uasset	4790	narrow	DT_Quests	Lost me useless, but once honorable SWORD at the VILLAGE INN . . . Reminds me of yee . . . Had drunken me self sick *hic* down by the fire, thinkin' o' better days . . . That Innkeeper musta pulled it from me sheathe and stashed it somewhere. I just know it. Crooked thief must have already hid it somewhere. Get out to the INN and bring back me SWORD!	Потерял свой бесполезный, но когда-то честный МЕЧ в ДЕРЕВЕНСКОЙ ТАВЕРНЕ. Напился у огня, думал о лучших днях... Хозяин, небось, вытащил его из ножен и спрятал. Ступай в ТАВЕРНУ и верни мой МЕЧ!	
12258d075032	legacy_quests	KnightsEnd/Content/KnightsEnd/GameBackend/Systems/QuestSystem/DT_Quests.uasset	5235	narrow	DT_Quests	Fetch Me Sword	Принеси мой меч	
969318bb180e	legacy_quests	KnightsEnd/Content/KnightsEnd/GameBackend/Systems/QuestSystem/DT_Quests.uasset	5308	narrow	DT_Quests	Fetch the Sword that's by the Forest Pond.	Найди меч у лесного пруда.	
70f777805829	legacy_quests	KnightsEnd/Content/KnightsEnd/GameBackend/Systems/QuestSystem/DT_Quests.uasset	5409	narrow	DT_Quests	Fetch sword	Найди меч	
3389fd808ca2	legacy_quests	KnightsEnd/Content/KnightsEnd/GameBackend/Systems/QuestSystem/DT_Quests.uasset	5498	narrow	DT_Quests	Return the Sword to the Gates	Верни меч к воротам	
e2e583132b01	legacy_quests	KnightsEnd/Content/KnightsEnd/GameBackend/Systems/QuestSystem/DT_Quests.uasset	5586	narrow	DT_Quests	Description of the objective.	Описание цели.	
36dcb4f0f55b	legacy_quests	KnightsEnd/Content/KnightsEnd/GameBackend/Systems/QuestSystem/DT_Quests.uasset	5676	utf16	DT_Quests	"Does yee face feel of pain? 'Cause it hurts me to look upon                                                           
Yet I have must have me SWORD from the POND in the FOREST.
I shan't be bothered to ge it so yee must get it.                                                                                                  
Off with yee, it’s cold, so it is."	Твое лицо знает боль? Мне больно на него смотреть. А мне нужен МЕЧ из ПРУДА В ЛЕСУ. Сам я туда не пойду, так что пойдешь ты. Прочь, пока холод не добил.	
c6364fe02ea5	legacy_quests	KnightsEnd/Content/KnightsEnd/GameBackend/Systems/QuestSystem/DT_Quests.uasset	6496	narrow	DT_Quests	Fetch Me Cup	Принеси мою чашу	
e6cc93a9e44e	legacy_quests	KnightsEnd/Content/KnightsEnd/GameBackend/Systems/QuestSystem/DT_Quests.uasset	6567	narrow	DT_Quests	Grab the Gold Cup in the Village Tavern	Забери золотую чашу в деревенской таверне	
9f0f3f8e4233	legacy_quests	KnightsEnd/Content/KnightsEnd/GameBackend/Systems/QuestSystem/DT_Quests.uasset	6665	narrow	DT_Quests	Grab the gold cup in the village tavern	Забери золотую чашу в деревенской таверне	
f5e0a3b89b26	legacy_quests	KnightsEnd/Content/KnightsEnd/GameBackend/Systems/QuestSystem/DT_Quests.uasset	6782	narrow	DT_Quests	Return the Gold Cup to the Gates	Верни золотую чашу к воротам	
4fc2886d030d	legacy_quests	KnightsEnd/Content/KnightsEnd/GameBackend/Systems/QuestSystem/DT_Quests.uasset	6873	narrow	DT_Quests	Description of the objective.	Описание цели.	
0357979e7fc4	legacy_quests	KnightsEnd/Content/KnightsEnd/GameBackend/Systems/QuestSystem/DT_Quests.uasset	6963	utf16	DT_Quests	"Oi . . . *hic* I done dropped me GOLDEN CUP in that VILLAGE TAVERN, fightin’ ungrateful. . .          
fightin’ them . . . uh . . .                             *hic*       
Need that CUP . . .   Tis' GOLD                                           
Gotta ke-keep this feelin . . .      *hic*       
Can you get me CUP . . . I won't be . . .                                                                                                      
What . . .                               *hic*                                  
I'm-You get it . . .    me GOLDEN CUP . . .                                                  
Ugly son of a . . .                       
My dad owns the TAVERN . . .                                         *hic*                  
Done soiled me self . . .                                                 
*hic*                                                                 
What are you doing after this?                                                          
*hic*"	Эй... ик... уронил я ЗОЛОТОЙ КУБОК в ДЕРЕВЕНСКОЙ ТАВЕРНЕ. Дрался с неблагодарными... или с кем-то. Кубок нужен, он же ЗОЛОТОЙ. Иди, принеси мой ЗОЛОТОЙ КУБОК. Ик. Отец владеет таверной... вроде.	
11c078a2bbf9	legacy_quests	KnightsEnd/Content/KnightsEnd/GameBackend/Systems/QuestSystem/DT_Quests.uasset	9066	narrow	DT_Quests	Fetch Me Gem	Принеси самоцвет	
a4d4b3a4073c	legacy_quests	KnightsEnd/Content/KnightsEnd/GameBackend/Systems/QuestSystem/DT_Quests.uasset	9137	narrow	DT_Quests	Grab the Green Gem from inside the Barn on the Farm	Возьми зеленый камень в сарае на ферме	
ba1b2326dffb	legacy_quests	KnightsEnd/Content/KnightsEnd/GameBackend/Systems/QuestSystem/DT_Quests.uasset	9247	narrow	DT_Quests	Grab the gem from the farm	Возьми самоцвет на ферме	
7c4c9eca46f2	legacy_quests	KnightsEnd/Content/KnightsEnd/GameBackend/Systems/QuestSystem/DT_Quests.uasset	9351	narrow	DT_Quests	Return the Gem to the Gates	Верни самоцвет к воротам	
7f360430b7c5	legacy_quests	KnightsEnd/Content/KnightsEnd/GameBackend/Systems/QuestSystem/DT_Quests.uasset	9437	narrow	DT_Quests	Description of the objective.	Описание цели.	
320347033689	legacy_quests	KnightsEnd/Content/KnightsEnd/GameBackend/Systems/QuestSystem/DT_Quests.uasset	9527	narrow	DT_Quests	"Oi it be yee the turnip head.     
The FARM always reminds me of that . . .                
That is where I must have dropped my GREEN GEM! The FARM!
I had nothing in me pocket when I got here. So it must be there.                                              
I always hated turnips. Since I was a girl.                                                           
Hurry on!       "	Эй, репная голова. ФЕРМА всегда напоминает мне о репе... Там я и обронила ЗЕЛЕНЫЙ САМОЦВЕТ. В кармане у ворот его уже не было, значит он там. Ненавижу репу с детства. Живо!	
705de24025e0	legacy_quests	KnightsEnd/Content/KnightsEnd/GameBackend/Systems/QuestSystem/DT_Quests.uasset	10005	narrow	DT_Quests	Fetch Me Sword	Принеси мой меч	
1d1bcb47e049	legacy_quests	KnightsEnd/Content/KnightsEnd/GameBackend/Systems/QuestSystem/DT_Quests.uasset	10078	narrow	DT_Quests	Fetch the Sword from the Blacksmiths in the Village	Найди меч у деревенского кузнеца	
e25116c0cfa4	legacy_quests	KnightsEnd/Content/KnightsEnd/GameBackend/Systems/QuestSystem/DT_Quests.uasset	10188	narrow	DT_Quests	Fetch test sword	Найди меч	
b1ff135eb9d8	legacy_quests	KnightsEnd/Content/KnightsEnd/GameBackend/Systems/QuestSystem/DT_Quests.uasset	10282	narrow	DT_Quests	Return the Sword to the Gates	Верни меч к воротам	
82537ec97457	legacy_quests	KnightsEnd/Content/KnightsEnd/GameBackend/Systems/QuestSystem/DT_Quests.uasset	10370	narrow	DT_Quests	Description of the objective.	Описание цели.	
83976fda5d3c	legacy_quests	KnightsEnd/Content/KnightsEnd/GameBackend/Systems/QuestSystem/DT_Quests.uasset	10460	utf16	DT_Quests	"Listen closley, yee honorless mup!                                    
I left me family SWORD behind at yee olde VILLAGE BLACKSMITH.                
No, don’t ask me exactly where. I know where it is of course!        
But this be a test of yee cunning. Bring it back with haste.                                                
If yee stray down the wrong path, keep goin’ castle's better without yee!        "	Слушай внимательно, бесчестный болван. Я оставил семейный МЕЧ у старого ДЕРЕВЕНСКОГО КУЗНЕЦА. Где именно - не спрашивай. Это проверка твоей сметки. Верни его быстро. Свернешь не туда - продолжай идти, замку без тебя лучше.	
83735965c33b	legacy_quests	KnightsEnd/Content/KnightsEnd/GameBackend/Systems/QuestSystem/DT_Quests.uasset	11380	narrow	DT_Quests	Fish Me Dinner	Поймай ужин	
2e3fd274521a	legacy_quests	KnightsEnd/Content/KnightsEnd/GameBackend/Systems/QuestSystem/DT_Quests.uasset	11453	narrow	DT_Quests	Catch a Fish from the Forest Lake	Поймай рыбу в лесном озере	
dad0d51ffce6	legacy_quests	KnightsEnd/Content/KnightsEnd/GameBackend/Systems/QuestSystem/DT_Quests.uasset	11545	narrow	DT_Quests	Grab the fishing pole to fish a fish at the forest lake shore	Возьми удочку у лесного озера	
5529facf2ce2	legacy_quests	KnightsEnd/Content/KnightsEnd/GameBackend/Systems/QuestSystem/DT_Quests.uasset	11684	narrow	DT_Quests	Return the Fish to the Gates	Верни рыбу к воротам	
6b2a36ae8b1c	legacy_quests	KnightsEnd/Content/KnightsEnd/GameBackend/Systems/QuestSystem/DT_Quests.uasset	11771	narrow	DT_Quests	Description of the objective.	Описание цели.	
cc9e353975a1	legacy_quests	KnightsEnd/Content/KnightsEnd/GameBackend/Systems/QuestSystem/DT_Quests.uasset	11861	narrow	DT_Quests	"Oi, yee ugly lout . . .            
If yee ain't making me dinner, then go catch me a FISH from the FOREST LAKE! Not that dinky pond in the middle.                           
Yee oughta be strung up just for lookin so thick.                                                  
*achoo*                                
. . . Bless me,                                                     
Rude . . .                                                           
Hurry I'm starving!"	Эй, уродливый олух. Если не готовишь мне ужин, поймай РЫБУ в ЛЕСНОМ ОЗЕРЕ. Не в мелком пруду посреди деревни. Взял удочку и шевелись. Я голодаю!	
cffcf7b6e796	legacy_quests	KnightsEnd/Content/KnightsEnd/GameBackend/Systems/QuestSystem/DT_Quests.uasset	12431	narrow	DT_Quests	Fetch Me Fang	Принеси клык	
5a972c33f8c8	legacy_quests	KnightsEnd/Content/KnightsEnd/GameBackend/Systems/QuestSystem/DT_Quests.uasset	12503	narrow	DT_Quests	Find the Fang in the Forest Ruins near the Abandoned Village	Найди клык в лесных руинах у покинутой деревни	
e3f3141404b4	legacy_quests	KnightsEnd/Content/KnightsEnd/GameBackend/Systems/QuestSystem/DT_Quests.uasset	12622	narrow	DT_Quests	Pickup the fang in the forest	Подбери клык в лесу	
53d63f6f07b7	legacy_quests	KnightsEnd/Content/KnightsEnd/GameBackend/Systems/QuestSystem/DT_Quests.uasset	12729	narrow	DT_Quests	Return the Fang to the Gates	Верни клык к воротам	
ea087c0889a1	legacy_quests	KnightsEnd/Content/KnightsEnd/GameBackend/Systems/QuestSystem/DT_Quests.uasset	12816	narrow	DT_Quests	Return to the gate	Вернись к воротам	
bd7a19de5c1e	legacy_quests	KnightsEnd/Content/KnightsEnd/GameBackend/Systems/QuestSystem/DT_Quests.uasset	12895	narrow	DT_Quests	"I was out at yee olde FOREST LAKE and me line snagged on somethin.
I pulled hard and a giant TOOTH was on the other end of my line!
It must have fallen out me bag in the FOREST RUINS near the ABANDONED VILLAGE when I was gutting the fish. I want that TOOTH!
Alas I'm slothful . . . So you go fetch me TOOTH. And hurry!  "	Был я у старого ЛЕСНОГО ОЗЕРА, леска зацепилась. Дернул - а на конце огромный ЗУБ. Потом он выпал из мешка в ЛЕСНЫХ РУИНАХ у ПОКИНУТОЙ ДЕРЕВНИ. Хочу этот ЗУБ. Я ленив, так что тащи его ты.	
c8e3a1b6724a	legacy_quests	KnightsEnd/Content/KnightsEnd/GameBackend/Systems/QuestSystem/DT_Quests.uasset	13312	narrow	DT_Quests	Fetch Me Book	Принеси книгу	
a721dfc8a90c	legacy_quests	KnightsEnd/Content/KnightsEnd/GameBackend/Systems/QuestSystem/DT_Quests.uasset	13384	narrow	DT_Quests	Fetch Book from the Forest Pond	Найди книгу у лесного пруда	
aac7a98c817b	legacy_quests	KnightsEnd/Content/KnightsEnd/GameBackend/Systems/QuestSystem/DT_Quests.uasset	13474	narrow	DT_Quests	Fetch Book Forest Pond	Найди книгу у лесного пруда	
c83e68d46e58	legacy_quests	KnightsEnd/Content/KnightsEnd/GameBackend/Systems/QuestSystem/DT_Quests.uasset	13574	narrow	DT_Quests	Return the Book to the Gates	Верни книгу к воротам	
2271e18ca6c8	legacy_quests	KnightsEnd/Content/KnightsEnd/GameBackend/Systems/QuestSystem/DT_Quests.uasset	13661	narrow	DT_Quests	Return To gates	Вернись к воротам	
9fd28903f40c	legacy_quests	KnightsEnd/Content/KnightsEnd/GameBackend/Systems/QuestSystem/DT_Quests.uasset	13737	utf16	DT_Quests	"Oi, yee there! Dropped me BOOK down by the FOREST POND.
Slipped outta me hands while I was doin' . . . important business.   
And before yee start askin' yes, I can read. Read it real good. 
Read it thrice. Unlike yee, who ain’t even allowed to read.                 
Kings decree.                                                                                  "	Эй, ты! Уронил КНИГУ у ЛЕСНОГО ПРУДА. Выпала из рук, пока я занимался... важным делом. И да, я умею читать. Читал ее трижды. В отличие от тебя, кому читать королевским указом не велено.	
6ef100f62b97	legacy_quests	KnightsEnd/Content/KnightsEnd/GameBackend/Systems/QuestSystem/DT_Quests.uasset	14565	narrow	DT_Quests	Rid The Growths	Искорени наросты	
35cfacc6ddc7	legacy_quests	KnightsEnd/Content/KnightsEnd/GameBackend/Systems/QuestSystem/DT_Quests.uasset	14639	narrow	DT_Quests	Click and Hold Interact on the Red Growths in the Forest	Удерживай взаимодействие на красном наросте	
50883bc5e35c	legacy_quests	KnightsEnd/Content/KnightsEnd/GameBackend/Systems/QuestSystem/DT_Quests.uasset	14754	narrow	DT_Quests	Click and Hold Interact on the RED GROWTHS in the FOREST	Удерживай взаимодействие на красном наросте	
13434896d23c	legacy_quests	KnightsEnd/Content/KnightsEnd/GameBackend/Systems/QuestSystem/DT_Quests.uasset	14889	narrow	DT_Quests	Return to the Gates	Вернись к воротам	
85356e1f96d9	legacy_quests	KnightsEnd/Content/KnightsEnd/GameBackend/Systems/QuestSystem/DT_Quests.uasset	14967	narrow	DT_Quests	Return To Castle Gates.	Вернись к замковым воротам	
03131374c348	legacy_quests	KnightsEnd/Content/KnightsEnd/GameBackend/Systems/QuestSystem/DT_Quests.uasset	15051	utf16	DT_Quests	"The FLESH don’t spread like it once did, not since the Watch came.
The Kings wisdom be praised for that. Still, it finds its way.
THREE GROWTHS are in the forest. How they get in our walls we know not. 
But you must go keep these lands clean, as brothers before you have.                          
We peasants must stay clean from this filth!"	ПЛОТЬ уже не расползается как прежде, с тех пор как пришел Дозор. Хвала мудрости короля. Но она все равно находит путь. В лесу ТРИ НАРОСТА. Как они пробрались за стены - не знаем. Ступай и очисти земли.	
920e922420ca	legacy_quests	KnightsEnd/Content/KnightsEnd/GameBackend/Systems/QuestSystem/DT_Quests.uasset	15837	narrow	DT_Quests	Fetch Me Book	Принеси книгу	
0053e37b75d3	legacy_quests	KnightsEnd/Content/KnightsEnd/GameBackend/Systems/QuestSystem/DT_Quests.uasset	15909	narrow	DT_Quests	Fetch the Book From Village Church	Найди книгу в деревенской церкви	
b40adedb7972	legacy_quests	KnightsEnd/Content/KnightsEnd/GameBackend/Systems/QuestSystem/DT_Quests.uasset	16002	narrow	DT_Quests	Fetch Book	Найди книгу	
2106046ec6fa	legacy_quests	KnightsEnd/Content/KnightsEnd/GameBackend/Systems/QuestSystem/DT_Quests.uasset	16090	narrow	DT_Quests	Return the Book to the Gates	Верни книгу к воротам	
7d73107664d4	legacy_quests	KnightsEnd/Content/KnightsEnd/GameBackend/Systems/QuestSystem/DT_Quests.uasset	16177	narrow	DT_Quests	Return Book	Верни книгу	
ff0b1f9650ad	legacy_quests	KnightsEnd/Content/KnightsEnd/GameBackend/Systems/QuestSystem/DT_Quests.uasset	16245	utf16	DT_Quests	"Achoo! Oh, me bad, right in yee face!                                          
I need me BOOK I left it in the VILLAGE CHURCH. Don’t ask why it ain’t with me. The Lord moves in ways beyond yee understanding.                            
And while yee at it, don't read it. The holy word aint for yee.                                                                                                      
Oi, idle hands, dear Knight, Idle hands."	Апчхи! Прости, прямо в лицо. Мне нужна КНИГА, оставил ее в ДЕРЕВЕНСКОЙ ЦЕРКВИ. Не спрашивай почему. Господь ходит путями, недоступными твоей голове. И не читай ее. Святое слово не для тебя.	
d2f1f29d663a	legacy_quests	KnightsEnd/Content/KnightsEnd/GameBackend/Systems/QuestSystem/DT_Quests.uasset	17231	narrow	DT_Quests	Fetch Me Shield	Принеси щит	
0a83bf968c26	legacy_quests	KnightsEnd/Content/KnightsEnd/GameBackend/Systems/QuestSystem/DT_Quests.uasset	17305	narrow	DT_Quests	Fetch Shield from the Forest Ruins	Найди щит в лесных руинах	
ee3fe1af9eaf	legacy_quests	KnightsEnd/Content/KnightsEnd/GameBackend/Systems/QuestSystem/DT_Quests.uasset	17398	narrow	DT_Quests	Fetch Shield Forest Ruins	Найди щит в лесных руинах	
d5b95ba3e2e8	legacy_quests	KnightsEnd/Content/KnightsEnd/GameBackend/Systems/QuestSystem/DT_Quests.uasset	17501	narrow	DT_Quests	Return the Shield to the Gates	Верни щит к воротам	
661e06a19307	legacy_quests	KnightsEnd/Content/KnightsEnd/GameBackend/Systems/QuestSystem/DT_Quests.uasset	17590	narrow	DT_Quests	Return the Shield to the Gates	Верни щит к воротам	
64cff419bade	legacy_quests	KnightsEnd/Content/KnightsEnd/GameBackend/Systems/QuestSystem/DT_Quests.uasset	17677	narrow	DT_Quests	"I stand atop the keep . . .    
Yee are a boot . . .                    
I left me SHIELD among the FOREST RUINS.                           
Yee be who must FETCH it.                                                              
Be a boot, and know yer place.                                                                                                            
So it is.                                "	Я стою на крепости... а ты сапог. Оставил ЩИТ среди ЛЕСНЫХ РУИН. Ты и принесешь его. Будь сапогом и знай свое место.	
6a7078c81aea	legacy_quests	KnightsEnd/Content/KnightsEnd/GameBackend/Systems/QuestSystem/DT_Quests.uasset	18184	narrow	DT_Quests	Fetch Me Precious	Принеси драгоценность	
d0cdae20a23f	legacy_quests	KnightsEnd/Content/KnightsEnd/GameBackend/Systems/QuestSystem/DT_Quests.uasset	18260	narrow	DT_Quests	Fetch the Statue From Village Market	Найди статуэтку на рынке	
75dbaef7cca6	legacy_quests	KnightsEnd/Content/KnightsEnd/GameBackend/Systems/QuestSystem/DT_Quests.uasset	18355	narrow	DT_Quests	Fetch the Statue From Village Market	Найди статуэтку на рынке	
d29c4abed2f6	legacy_quests	KnightsEnd/Content/KnightsEnd/GameBackend/Systems/QuestSystem/DT_Quests.uasset	18469	narrow	DT_Quests	Return the Statue to the Gates	Верни статуэтку к воротам	
de41c8d8e84d	legacy_quests	KnightsEnd/Content/KnightsEnd/GameBackend/Systems/QuestSystem/DT_Quests.uasset	18558	narrow	DT_Quests	Return Statue To Gates	Верни статуэтку к воротам	
27bcc9ef2821	legacy_quests	KnightsEnd/Content/KnightsEnd/GameBackend/Systems/QuestSystem/DT_Quests.uasset	18637	utf16	DT_Quests	"Sir I doth not respect you! But I need me STATUE.                      
Left it at the VILLAGE MARKET. Tis' Small, beautiful, and worth more than yee lot combined. Much, much more than all yee.                                                                    
Yee best come back quick. Tis cursed, mind yee.                                                                                             
Just pullin’ yee leg.                                                                                                                                 
Or am I?                                                                                                               I'm not.                                                                                                                                                                                  
Please hurry . . ."	Сэр, я тебя не уважаю, но мне нужна СТАТУЭТКА. Оставил ее на ДЕРЕВЕНСКОМ РЫНКЕ. Малая, красивая и стоит больше всех вас. Вернись быстро. Она проклята... шучу. Или нет. Нет, не шучу. Поторопись.	
729b06cfed9d	legacy_quests	KnightsEnd/Content/KnightsEnd/GameBackend/Systems/QuestSystem/DT_Quests.uasset	20497	narrow	DT_Quests	Rid The Growths	Искорени наросты	
39fe54d72ba2	legacy_quests	KnightsEnd/Content/KnightsEnd/GameBackend/Systems/QuestSystem/DT_Quests.uasset	20571	narrow	DT_Quests	Click and Hold Interact on the Red Growths at the Farm	Удерживай взаимодействие на красном наросте	
4201588f0479	legacy_quests	KnightsEnd/Content/KnightsEnd/GameBackend/Systems/QuestSystem/DT_Quests.uasset	20684	narrow	DT_Quests	Click and Hold Interact on the RED GROWTHS at the Farm	Удерживай взаимодействие на красном наросте	
06be7feb35bc	legacy_quests	KnightsEnd/Content/KnightsEnd/GameBackend/Systems/QuestSystem/DT_Quests.uasset	20817	narrow	DT_Quests	Return to the Gates	Вернись к воротам	
8940f7115e94	legacy_quests	KnightsEnd/Content/KnightsEnd/GameBackend/Systems/QuestSystem/DT_Quests.uasset	20895	narrow	DT_Quests	Return To Castle Gates.	Вернись к замковым воротам	
a37ab08d8c1d	legacy_quests	KnightsEnd/Content/KnightsEnd/GameBackend/Systems/QuestSystem/DT_Quests.uasset	20979	utf16	DT_Quests	"There’s THREE BIG FLESHY GROWTHS I saw out on the FARM.     
Make sure to check in the BARN, those things can grow anywhere . . .           
They got TENTACLES and spewing SPORES, and GLOWIN' RED!              
Hurry before it infects anything else . . .         
But don’t yee dare come close to me till yee washed yourself clean!"	На ФЕРМЕ я видел ТРИ БОЛЬШИХ НАРОСТА ПЛОТИ. Проверь САРАЙ, эта мерзость лезет где угодно. Щупальца, споры, красное свечение. Убери их, пока не заразили все вокруг. И не подходи ко мне, пока не отмоешься.	
064fde14219e	legacy_quests	KnightsEnd/Content/KnightsEnd/GameBackend/Systems/QuestSystem/DT_Quests.uasset	21743	narrow	DT_Quests	Rid The Growths	Искорени наросты	
7ec268eb7b05	legacy_quests	KnightsEnd/Content/KnightsEnd/GameBackend/Systems/QuestSystem/DT_Quests.uasset	21817	narrow	DT_Quests	Click and Hold Interact on the Red Growths at the Farm	Удерживай взаимодействие на красном наросте	
101dface6efb	legacy_quests	KnightsEnd/Content/KnightsEnd/GameBackend/Systems/QuestSystem/DT_Quests.uasset	21930	narrow	DT_Quests	Click and Hold Interact on the RED GROWTH at the Farm	Удерживай взаимодействие на красном наросте	
f0fa22772bc1	legacy_quests	KnightsEnd/Content/KnightsEnd/GameBackend/Systems/QuestSystem/DT_Quests.uasset	22062	narrow	DT_Quests	Return to the Gates	Вернись к воротам	
be4a2a0a0bca	legacy_quests	KnightsEnd/Content/KnightsEnd/GameBackend/Systems/QuestSystem/DT_Quests.uasset	22140	narrow	DT_Quests	Return To Castle Gates.	Вернись к замковым воротам	
0aaece46e560	legacy_quests	KnightsEnd/Content/KnightsEnd/GameBackend/Systems/QuestSystem/DT_Quests.uasset	22224	utf16	DT_Quests	"The FARM . . . there be FOUR BIG FLESHY GROWTHS.
I poked ’em a few times . . . No effect. so now yee be the one to do it
And mind yee, meddle not more than needs. 
A man's BARN is his life.                                                            
Once you return it to me, go walk to the edge of the forest and wait.                                                                                                
Someone will meet yee . . . "	На ФЕРМЕ ЧЕТЫРЕ БОЛЬШИХ НАРОСТА ПЛОТИ. Я тыкал их - без толку. Теперь это твое дело. Не трогай лишнего: сарай для человека - жизнь. Когда закончишь, иди к краю леса и жди. Кто-то встретит тебя.	
c062594079aa	legacy_quests	KnightsEnd/Content/KnightsEnd/GameBackend/Systems/QuestSystem/DT_Quests.uasset	23216	narrow	DT_Quests	Mine a Green Gem	Добудь зеленый самоцвет	
ef808aef5619	legacy_quests	KnightsEnd/Content/KnightsEnd/GameBackend/Systems/QuestSystem/DT_Quests.uasset	23291	narrow	DT_Quests	Mine an Emerald Gem from a Green Crystal in a Forest Cave	Добудь изумруд из зеленого кристалла в лесной пещере	
f2264158a002	legacy_quests	KnightsEnd/Content/KnightsEnd/GameBackend/Systems/QuestSystem/DT_Quests.uasset	23407	narrow	DT_Quests	Description of the objective.	Описание цели.	
4df73cdb26d8	legacy_quests	KnightsEnd/Content/KnightsEnd/GameBackend/Systems/QuestSystem/DT_Quests.uasset	23514	narrow	DT_Quests	Return Emerald Gem to the Gates	Верни изумруд к воротам	
561d105ba5ea	legacy_quests	KnightsEnd/Content/KnightsEnd/GameBackend/Systems/QuestSystem/DT_Quests.uasset	23604	narrow	DT_Quests	Description of the objective.	Описание цели.	
2e96a28225b5	legacy_quests	KnightsEnd/Content/KnightsEnd/GameBackend/Systems/QuestSystem/DT_Quests.uasset	23694	narrow	DT_Quests	"I covet for something of beauty. Something GREEN and gorgeous.
I saw beautiful GIANT GREEN CRYSTALs in the FOREST CAVES. . . 
Right by the LAKE . . . before I could MINE a GEM . . . they forced me back into these walls where I must spend time with me family . . .                                                        
                          . . . Tragic . . .                             "	Жажду красоты. Чего-то ЗЕЛЕНОГО и прекрасного. Я видел огромные ЗЕЛЕНЫЕ КРИСТАЛЛЫ в ЛЕСНЫХ ПЕЩЕРАХ у ОЗЕРА. Не успел добыть САМОЦВЕТ - меня загнали обратно за стены к семье... Трагедия.	
2d216b77f253	legacy_quests	KnightsEnd/Content/KnightsEnd/GameBackend/Systems/QuestSystem/DT_Quests.uasset	24183	narrow	DT_Quests	Mine a Gem	Добудь самоцвет	
5c5e0a19da0f	legacy_quests	KnightsEnd/Content/KnightsEnd/GameBackend/Systems/QuestSystem/DT_Quests.uasset	24252	narrow	DT_Quests	Mine an Sapphire Gem from a Blue Cyrstal in Caves near the Village	Добудь сапфир из синего кристалла у деревни	
3ae3ac3ea371	legacy_quests	KnightsEnd/Content/KnightsEnd/GameBackend/Systems/QuestSystem/DT_Quests.uasset	24377	narrow	DT_Quests	Description of the objective.	Описание цели.	
35b4017a1bde	legacy_quests	KnightsEnd/Content/KnightsEnd/GameBackend/Systems/QuestSystem/DT_Quests.uasset	24484	narrow	DT_Quests	Return Sapphire Gem to the Gates	Верни сапфир к воротам	
6db3a79cf347	legacy_quests	KnightsEnd/Content/KnightsEnd/GameBackend/Systems/QuestSystem/DT_Quests.uasset	24575	narrow	DT_Quests	Description of the objective.	Описание цели.	
b7a9043f38db	legacy_quests	KnightsEnd/Content/KnightsEnd/GameBackend/Systems/QuestSystem/DT_Quests.uasset	24665	narrow	DT_Quests	"Oi! Runnin low on me quota for SAPPHIRE GEMS.      
There are BLUE CRYSTALS out in the CAVES near VILLAGE.               
Just pick up the Pick Axe out there and get to work. Don't expect paydirt on yee fist one.       
And don't come back without a shiney SAPPHIRE GEM for me! Heh heh!"	Эй! Не хватает нормы САПФИРОВ. В пещерах у ДЕРЕВНИ есть СИНИЕ КРИСТАЛЛЫ. Возьми кирку и работай. С первого удара богатства не жди. И без блестящего САПФИРА не возвращайся.	
21527ae1c7de	legacy_quests	KnightsEnd/Content/KnightsEnd/GameBackend/Systems/QuestSystem/DT_Quests.uasset	25047	narrow	DT_Quests	Fetch Me Chicken	Принеси курицу	
8e62ac705571	legacy_quests	KnightsEnd/Content/KnightsEnd/GameBackend/Systems/QuestSystem/DT_Quests.uasset	25122	narrow	DT_Quests	Fetch a chicken. Find them wandering around or at the Farm	Поймай курицу. Ищи на ферме или рядом	
b299dc0fa620	legacy_quests	KnightsEnd/Content/KnightsEnd/GameBackend/Systems/QuestSystem/DT_Quests.uasset	25239	narrow	DT_Quests	Fetch	Поймай	
3f8184246fc7	legacy_quests	KnightsEnd/Content/KnightsEnd/GameBackend/Systems/QuestSystem/DT_Quests.uasset	25322	narrow	DT_Quests	Return the Chicken to the Gates	Верни курицу к воротам	
9b1facfe8bf6	legacy_quests	KnightsEnd/Content/KnightsEnd/GameBackend/Systems/QuestSystem/DT_Quests.uasset	25412	narrow	DT_Quests	Return	Верни	
015a89cde8f7	legacy_quests	KnightsEnd/Content/KnightsEnd/GameBackend/Systems/QuestSystem/DT_Quests.uasset	25479	utf16	DT_Quests	"Did yee know eatin’ raw meat don’t truly harm a man? I do it meself and feel right as rain; save for vomitin’ twice a day, which clears the gut. 
Speakin’ of, I forgot me supper. So go CATCH me a CHICKEN, must be ALIVE. They’re everywhere, run around and ye'll find one. One of thee only animals left since these lands became tainited with the flesh . . ."	Знал ли ты, что сырое мясо не вредит? Я сам ем и чувствую себя славно, если не считать рвоты дважды в день. К слову, забыл ужин. Поймай мне живую КУРИЦУ. Они еще бегают по этим зараженным землям.	
53de1a78a068	legacy_quests	KnightsEnd/Content/KnightsEnd/GameBackend/Systems/QuestSystem/DT_Quests.uasset	26285	narrow	DT_Quests	Fetch Me Chicken	Принеси курицу	
70099507a27b	legacy_quests	KnightsEnd/Content/KnightsEnd/GameBackend/Systems/QuestSystem/DT_Quests.uasset	26360	narrow	DT_Quests	Fetch a Chicken. Find them wandering around or at the Farm	Поймай курицу. Ищи на ферме или рядом	
4bf4691be362	legacy_quests	KnightsEnd/Content/KnightsEnd/GameBackend/Systems/QuestSystem/DT_Quests.uasset	26477	narrow	DT_Quests	Fetch	Поймай	
a25a17475a12	legacy_quests	KnightsEnd/Content/KnightsEnd/GameBackend/Systems/QuestSystem/DT_Quests.uasset	26560	narrow	DT_Quests	Return the Chicken to the Gates	Верни курицу к воротам	
5f1e7a2efa71	legacy_quests	KnightsEnd/Content/KnightsEnd/GameBackend/Systems/QuestSystem/DT_Quests.uasset	26650	narrow	DT_Quests	Return	Верни	
7d70c6b5141f	legacy_quests	KnightsEnd/Content/KnightsEnd/GameBackend/Systems/QuestSystem/DT_Quests.uasset	26717	utf16	DT_Quests	Catch me a CHICKEN, stupid. Sounds easy, don’t it? Ha! You’ll learn soon enough. They sense fear, smell guilt, and we know yee have alot of guilt. Go on, find one, by the BARN, or ANYWHERE They’ll mock you, they will. Just like everyone else	Поймай мне КУРИЦУ, глупец. Звучит легко? Скоро узнаешь. Они чуют страх и вину, а вины в тебе много. Ищи у САРАЯ или где угодно. Они будут насмехаться над тобой, как все остальные.	
e0f71dd31810	legacy_quests	KnightsEnd/Content/KnightsEnd/GameBackend/Systems/QuestSystem/DT_Quests.uasset	27293	narrow	DT_Quests	Fetch Me Chicken	Принеси курицу	
073a8fc702df	legacy_quests	KnightsEnd/Content/KnightsEnd/GameBackend/Systems/QuestSystem/DT_Quests.uasset	27368	narrow	DT_Quests	Fetch a Chicken. Find them wandering around or at the Farm	Поймай курицу. Ищи на ферме или рядом	
3f030e8606b2	legacy_quests	KnightsEnd/Content/KnightsEnd/GameBackend/Systems/QuestSystem/DT_Quests.uasset	27485	narrow	DT_Quests	Fetch	Поймай	
5b9278fbfb92	legacy_quests	KnightsEnd/Content/KnightsEnd/GameBackend/Systems/QuestSystem/DT_Quests.uasset	27568	narrow	DT_Quests	Return the Chicken to the Gates	Верни курицу к воротам	
299194321e20	legacy_quests	KnightsEnd/Content/KnightsEnd/GameBackend/Systems/QuestSystem/DT_Quests.uasset	27658	narrow	DT_Quests	Return	Верни	
46b48a1b34a2	legacy_quests	KnightsEnd/Content/KnightsEnd/GameBackend/Systems/QuestSystem/DT_Quests.uasset	27725	utf16	DT_Quests	"Eh? I hear yee lookin’ for work? Well go FETCH me a CHICKEN. A live one. Can’t trust the dead ones. There’s plenty about, Go to the FARM if yee have trouble. 
I'm collecting them for . . . some secret mission. I'd tell yee, but the King says yee can't be trusted . . . something about how ugly yee is."	Ищешь работу? Тогда принеси мне живую КУРИЦУ. Мертвым я не доверяю. Их полно, на ФЕРМЕ найдешь. Собираю их для... тайного дела. Король сказал, тебе нельзя доверять. Что-то про твою рожу.	
5fceb622f3a2	legacy_quests	KnightsEnd/Content/KnightsEnd/GameBackend/Systems/QuestSystem/DT_Quests.uasset	28423	narrow	DT_Quests	Mine a Gem	Добудь самоцвет	
9ecd01a85520	legacy_quests	KnightsEnd/Content/KnightsEnd/GameBackend/Systems/QuestSystem/DT_Quests.uasset	28492	narrow	DT_Quests	Mine an Sapphire Gem from a Blue Cyrstal in Caves near the Village	Добудь сапфир из синего кристалла у деревни	
eee99ea05fcd	legacy_quests	KnightsEnd/Content/KnightsEnd/GameBackend/Systems/QuestSystem/DT_Quests.uasset	28617	narrow	DT_Quests	Description of the objective.	Описание цели.	
1ac24e506453	legacy_quests	KnightsEnd/Content/KnightsEnd/GameBackend/Systems/QuestSystem/DT_Quests.uasset	28724	narrow	DT_Quests	Return Sapphire Gem to Gates	Верни сапфир к воротам	
3cfc8b53b290	legacy_quests	KnightsEnd/Content/KnightsEnd/GameBackend/Systems/QuestSystem/DT_Quests.uasset	28811	narrow	DT_Quests	Description of the objective.	Описание цели.	
0184202f0d79	legacy_quests	KnightsEnd/Content/KnightsEnd/GameBackend/Systems/QuestSystem/DT_Quests.uasset	28901	narrow	DT_Quests	"Me wife just left me . . .              
I need yee to go into the CAVES at the VILLAGE. You'll find all the tools yee need inside, MINE them until you get one o' them shiny GEMS. 
Mayhaps then I will win her back . . .                                                 
She took me bloody dog . . .                                                                   
and me kids . . . "	Жена ушла от меня... Иди в ПЕЩЕРЫ у ДЕРЕВНИ. Инструменты найдешь внутри. Добывай, пока не выпадет блестящий САМОЦВЕТ. Может, тогда я верну ее. Она забрала пса... и детей.	
e7dc07940f59	legacy_quests	KnightsEnd/Content/KnightsEnd/GameBackend/Systems/QuestSystem/DT_Quests.uasset	29381	narrow	DT_Quests	Fetch Me Cup	Принеси мою чашу	
4444512b412d	legacy_quests	KnightsEnd/Content/KnightsEnd/GameBackend/Systems/QuestSystem/DT_Quests.uasset	29452	narrow	DT_Quests	Grab the Gold Cup in the Village Tavern	Забери золотую чашу в деревенской таверне	
bbb41ae45351	legacy_quests	KnightsEnd/Content/KnightsEnd/GameBackend/Systems/QuestSystem/DT_Quests.uasset	29550	narrow	DT_Quests	Grab the gold cup in the village tavern	Забери золотую чашу в деревенской таверне	
f87b75e12ec7	legacy_quests	KnightsEnd/Content/KnightsEnd/GameBackend/Systems/QuestSystem/DT_Quests.uasset	29667	narrow	DT_Quests	Return the Gold Cup to the Gates	Верни золотую чашу к воротам	
7d911c30204c	legacy_quests	KnightsEnd/Content/KnightsEnd/GameBackend/Systems/QuestSystem/DT_Quests.uasset	29758	narrow	DT_Quests	Description of the objective.	Описание цели.	
d968ab540ee6	legacy_quests	KnightsEnd/Content/KnightsEnd/GameBackend/Systems/QuestSystem/DT_Quests.uasset	29848	narrow	DT_Quests	"Look at yee . . . Lazy . . . Honorless . . . Barely hold a job. 
Alas I need me GOLD CUP and I ain't headin' to the VILLAGE TAVERN. 
Some donkus attacked me unprovoked in the midst of me mead, lost my CUP and spilled me drink. Can't go back to a place with such lose.
Bring me CUP back, and dont get drunk . . . "	Глянь на себя: ленивый, бесчестный, едва на ногах. Мне нужен ЗОЛОТОЙ КУБОК, а в ДЕРЕВЕНСКУЮ ТАВЕРНУ я не пойду. Кто-то напал на меня за кружкой меда, кубок потерян. Верни его и не напейся.	
01de86797a3d	legacy_quests	KnightsEnd/Content/KnightsEnd/GameBackend/Systems/QuestSystem/DT_Quests.uasset	30255	narrow	DT_Quests	Fishing for Me Bed	Рыба для моей постели	
c75b1bcb67e9	legacy_quests	KnightsEnd/Content/KnightsEnd/GameBackend/Systems/QuestSystem/DT_Quests.uasset	30332	narrow	DT_Quests	Catch a Fish from the Forest Pond	Поймай рыбу в лесном пруду	
cabb33d2f252	legacy_quests	KnightsEnd/Content/KnightsEnd/GameBackend/Systems/QuestSystem/DT_Quests.uasset	30424	narrow	DT_Quests	Grab the fishing pole to fish a fish at the forest lake shore	Возьми удочку у лесного озера	
8898269e0ceb	legacy_quests	KnightsEnd/Content/KnightsEnd/GameBackend/Systems/QuestSystem/DT_Quests.uasset	30563	narrow	DT_Quests	Return the Fish to the Gates	Верни рыбу к воротам	
a007af81542b	legacy_quests	KnightsEnd/Content/KnightsEnd/GameBackend/Systems/QuestSystem/DT_Quests.uasset	30650	narrow	DT_Quests	Description of the objective.	Описание цели.	
15371bca35ed	legacy_quests	KnightsEnd/Content/KnightsEnd/GameBackend/Systems/QuestSystem/DT_Quests.uasset	30740	narrow	DT_Quests	"Does yee face feel of pain? Cause I experince such while gazing upon it.                         
The exact opposite of the FOREST POND . . . In fact I need a FISH from there so I may gaze upon it while I slumber. Grab a POLE and get to work. 
Yee can't miss it. Right in the middle, right in the middle. Yee daft slug!"	Твое лицо болит? Мое болит, когда я на него смотрю. Противоположность ЛЕСНОМУ ПРУДУ. Мне нужна оттуда РЫБА, чтобы глядеть на нее во сне. Возьми удочку и работай.	
afb9df2f13d7	legacy_quests	KnightsEnd/Content/KnightsEnd/GameBackend/Systems/QuestSystem/DT_Quests.uasset	31154	narrow	DT_Quests	Feed yee Horses	Накорми лошадей	
305ed5a10aed	legacy_quests	KnightsEnd/Content/KnightsEnd/GameBackend/Systems/QuestSystem/DT_Quests.uasset	31228	narrow	DT_Quests	Feed the Hay to all the Horses in the Barn at the Farm	Дай сено всем лошадям в фермерском сарае	
97a33198b11b	legacy_quests	KnightsEnd/Content/KnightsEnd/GameBackend/Systems/QuestSystem/DT_Quests.uasset	31341	narrow	DT_Quests	Feed the horses	Накорми лошадей	
d7c7dce8d989	legacy_quests	KnightsEnd/Content/KnightsEnd/GameBackend/Systems/QuestSystem/DT_Quests.uasset	31435	narrow	DT_Quests	Return to the Gates	Вернись к воротам	
53647640da05	legacy_quests	KnightsEnd/Content/KnightsEnd/GameBackend/Systems/QuestSystem/DT_Quests.uasset	31513	narrow	DT_Quests	Return to Castle Gates	Вернись к замковым воротам	
6147ad2ab90c	legacy_quests	KnightsEnd/Content/KnightsEnd/GameBackend/Systems/QuestSystem/DT_Quests.uasset	31596	narrow	DT_Quests	"Yee there! Pitiful Knight!   
I took a dozer while tending to yee olde FARM only to be awoken by yee blasted bell. Left in such a hurry I forgot to FEED THE HORSES! 
Would not wanna meet me end out in that night!           
Go out there now and feed them HAY in the BARN, they are hungry!"	Эй, жалкий рыцарь! Дремал на старой ФЕРМЕ, пока колокол не разбудил. Убежал и забыл НАКОРМИТЬ ЛОШАДЕЙ. Иди в САРАЙ, дай им СЕНО. Они голодны.	
2e429d6a26bd	legacy_quests	KnightsEnd/Content/KnightsEnd/GameBackend/Systems/QuestSystem/DT_Quests.uasset	31980	narrow	DT_Quests	Feed yee Horses	Накорми лошадей	
eae3c8111c68	legacy_quests	KnightsEnd/Content/KnightsEnd/GameBackend/Systems/QuestSystem/DT_Quests.uasset	32054	narrow	DT_Quests	Feed the Hay to all the Horses in the Barn at the Farm	Дай сено всем лошадям в фермерском сарае	
9b43071c4a85	legacy_quests	KnightsEnd/Content/KnightsEnd/GameBackend/Systems/QuestSystem/DT_Quests.uasset	32167	narrow	DT_Quests	Feed the horses	Накорми лошадей	
95c6ce30543f	legacy_quests	KnightsEnd/Content/KnightsEnd/GameBackend/Systems/QuestSystem/DT_Quests.uasset	32261	narrow	DT_Quests	Return to the Gates	Вернись к воротам	
90ed980c66fd	legacy_quests	KnightsEnd/Content/KnightsEnd/GameBackend/Systems/QuestSystem/DT_Quests.uasset	32339	narrow	DT_Quests	Return to Castle Gates	Вернись к замковым воротам	
4a0116ade4df	legacy_quests	KnightsEnd/Content/KnightsEnd/GameBackend/Systems/QuestSystem/DT_Quests.uasset	32422	utf16	DT_Quests	"King have mercy . . .    I can smell thee from here . . .                           
Me HORSES smell better, and they need FEEDIN', ALL of ’em. . .                      
I can’t believe thou hast not done it yet . . .                      
Get to the FARM STABLES, fore they start eatin’ eachother . . .                                                                                         
Like they did last time . . .       "	Король помилуй... я чую тебя отсюда. Мои ЛОШАДИ пахнут лучше, а им нужен корм. Все до одной. Ступай в конюшни ФЕРМЫ, пока они не начали есть друг друга. Как в прошлый раз.	
79e2f354aec9	legacy_quests	KnightsEnd/Content/KnightsEnd/GameBackend/Systems/QuestSystem/DT_Quests.uasset	33382	narrow	DT_Quests	Feed yee Horses	Накорми лошадей	
f833b87b4dc7	legacy_quests	KnightsEnd/Content/KnightsEnd/GameBackend/Systems/QuestSystem/DT_Quests.uasset	33456	narrow	DT_Quests	Feed the Hay to all the Horses in the Barn at the Farm	Дай сено всем лошадям в фермерском сарае	
fee3a82bff61	legacy_quests	KnightsEnd/Content/KnightsEnd/GameBackend/Systems/QuestSystem/DT_Quests.uasset	33569	narrow	DT_Quests	Feed the horses	Накорми лошадей	
5695a4758abc	legacy_quests	KnightsEnd/Content/KnightsEnd/GameBackend/Systems/QuestSystem/DT_Quests.uasset	33663	narrow	DT_Quests	Return to the Gates	Вернись к воротам	
24966f3cebb1	legacy_quests	KnightsEnd/Content/KnightsEnd/GameBackend/Systems/QuestSystem/DT_Quests.uasset	33741	narrow	DT_Quests	Return to Castle Gates	Вернись к замковым воротам	
19fb36e3ed1a	legacy_quests	KnightsEnd/Content/KnightsEnd/GameBackend/Systems/QuestSystem/DT_Quests.uasset	33824	utf16	DT_Quests	"Hay!                             
I need it fed to me HORSES in the BARN on the FARM.                                          
Last knight perished while feedin’ the beasts, what a pitiful end,                     
even me two year old can FEED HAY to them HORSES!                                                 
The shame o’ it! Yee are lucky to hold this post, aye.                                                                                                                                                                         
Is there only one bed in there?"	Сено! Им надо накормить ЛОШАДЕЙ в САРАЕ на ФЕРМЕ. Прошлый рыцарь погиб, кормя их. Жалкий конец. Даже мой двухлетний справился бы. Тебе повезло держать этот пост.	
b7f147c31fae	legacy_quests	KnightsEnd/Content/KnightsEnd/GameBackend/Systems/QuestSystem/DT_Quests.uasset	35068	narrow	DT_Quests	Fetch Me Precious	Принеси драгоценность	
de25672a0880	legacy_quests	KnightsEnd/Content/KnightsEnd/GameBackend/Systems/QuestSystem/DT_Quests.uasset	35144	narrow	DT_Quests	Fetch the Statue from the Village Market	Найди статуэтку на рынке	
5f77ab3efd1b	legacy_quests	KnightsEnd/Content/KnightsEnd/GameBackend/Systems/QuestSystem/DT_Quests.uasset	35243	narrow	DT_Quests	Fetch the Statue From Village Market	Найди статуэтку на рынке	
87a2a96306dc	legacy_quests	KnightsEnd/Content/KnightsEnd/GameBackend/Systems/QuestSystem/DT_Quests.uasset	35357	narrow	DT_Quests	Return the Statue to the Gates	Верни статуэтку к воротам	
17d3fd9ba227	legacy_quests	KnightsEnd/Content/KnightsEnd/GameBackend/Systems/QuestSystem/DT_Quests.uasset	35446	narrow	DT_Quests	Return Statue To Gates	Верни статуэтку к воротам	
01ff486693dc	legacy_quests	KnightsEnd/Content/KnightsEnd/GameBackend/Systems/QuestSystem/DT_Quests.uasset	35525	utf16	DT_Quests	"Heard the bell and hurried into the castle so fast I left it behind! Me most prized thing . . .               
A small STATUE, in me MARKET, in the VILLAGE o' course. Ever since I found it out in the woods I can’t sleep without it near me . . . 
I can't bear to think of losing it!                                                                                    
Make haste! Else me dreams’ll be o’ terror                                                                                                 
Hurry, I'm getting sleepy!"	Услышал колокол и так рванул в замок, что оставил самое ценное: малую СТАТУЭТКУ на РЫНКЕ в ДЕРЕВНЕ. Нашел ее в лесу и без нее не сплю. Верни скорее, пока сны не стали кошмаром.	
0c79d97352fa	legacy_quests	KnightsEnd/Content/KnightsEnd/GameBackend/Systems/QuestSystem/DT_Quests.uasset	36691	narrow	DT_Quests	Fish Me Dinner	Поймай ужин	
95c164f631de	legacy_quests	KnightsEnd/Content/KnightsEnd/GameBackend/Systems/QuestSystem/DT_Quests.uasset	36764	narrow	DT_Quests	Catch a Fish from the Forest Pond	Поймай рыбу в лесном пруду	
d1fdbcf36f6f	legacy_quests	KnightsEnd/Content/KnightsEnd/GameBackend/Systems/QuestSystem/DT_Quests.uasset	36856	narrow	DT_Quests	Grab the fishing pole to fish a fish at the forest lake shore	Возьми удочку у лесного озера	
95415c1d1d2b	legacy_quests	KnightsEnd/Content/KnightsEnd/GameBackend/Systems/QuestSystem/DT_Quests.uasset	36995	narrow	DT_Quests	Return the Fish to the Gates	Верни рыбу к воротам	
adc49f020ba1	legacy_quests	KnightsEnd/Content/KnightsEnd/GameBackend/Systems/QuestSystem/DT_Quests.uasset	37082	narrow	DT_Quests	Description of the objective.	Описание цели.	
1fb0b9c8e7a5	legacy_quests	KnightsEnd/Content/KnightsEnd/GameBackend/Systems/QuestSystem/DT_Quests.uasset	37172	utf16	DT_Quests	"The meat will rot, sittin’ in that POND, we must liberate them . . .                              
Bring me back a proper FISH, from the FOREST POND,    
Can't believe some prefer the ones from the village. Tastes like rot . . .
Plenty o' POLES round there, pick it up and cast it in and wait . . .                                                             
Hurry now, fore me belly starts gnawin’ on me spine."	Мясо сгниет, если оставить РЫБУ в ПРУДУ. Освободи ее. Принеси мне нормальную РЫБУ из ЛЕСНОГО ПРУДА. Удочек там полно: закинь и жди. Быстрее, пока живот не начал грызть позвоночник.	
fef791178db2	legacy_quests	KnightsEnd/Content/KnightsEnd/GameBackend/Systems/QuestSystem/DT_Quests.uasset	38098	narrow	DT_Quests	Fish Me Dinner	Поймай ужин	
ceb66b3b1195	legacy_quests	KnightsEnd/Content/KnightsEnd/GameBackend/Systems/QuestSystem/DT_Quests.uasset	38171	narrow	DT_Quests	Catch a Fish from the Village Pond	Поймай рыбу в деревенском пруду	
6296dc1c18d5	legacy_quests	KnightsEnd/Content/KnightsEnd/GameBackend/Systems/QuestSystem/DT_Quests.uasset	38264	narrow	DT_Quests	Grab the fishing pole to fish a fish at the forest lake shore	Возьми удочку у лесного озера	
20c147758cca	legacy_quests	KnightsEnd/Content/KnightsEnd/GameBackend/Systems/QuestSystem/DT_Quests.uasset	38403	narrow	DT_Quests	Return the Fish to the Gates	Верни рыбу к воротам	
b0ec8349a7dd	legacy_quests	KnightsEnd/Content/KnightsEnd/GameBackend/Systems/QuestSystem/DT_Quests.uasset	38490	narrow	DT_Quests	Turn in Fish at Castle Gates.	Отнеси рыбу к воротам	
37cd128a1c49	legacy_quests	KnightsEnd/Content/KnightsEnd/GameBackend/Systems/QuestSystem/DT_Quests.uasset	38580	narrow	DT_Quests	"Me stomach speaks of sickly sweet things. A FISH from the VILLAGE POND. The meat in this land grows scarce . . . well, the kind a man can eat. Our walls still hold strong, but me belly burns all the same.
Bring me a FISH, 'fore I find something else soft to gnaw upon!"	Живот просит чего-то сладко-больного. РЫБУ из ДЕРЕВЕНСКОГО ПРУДА. Съедобного мяса мало, стены держатся, но брюхо горит. Принеси РЫБУ, пока я не нашел что-нибудь мягкое погрызть.	
8342784f09c5	legacy_quests	KnightsEnd/Content/KnightsEnd/GameBackend/Systems/QuestSystem/DT_Quests.uasset	38942	narrow	DT_Quests	Fish Me Dinner	Поймай ужин	
fa66577f7615	legacy_quests	KnightsEnd/Content/KnightsEnd/GameBackend/Systems/QuestSystem/DT_Quests.uasset	39015	narrow	DT_Quests	Catch a Fish from the Village Pond	Поймай рыбу в деревенском пруду	
728a87f58d1b	legacy_quests	KnightsEnd/Content/KnightsEnd/GameBackend/Systems/QuestSystem/DT_Quests.uasset	39108	narrow	DT_Quests	Grab the fishing pole to fish a fish at the forest lake shore	Возьми удочку у лесного озера	
35f635160b2e	legacy_quests	KnightsEnd/Content/KnightsEnd/GameBackend/Systems/QuestSystem/DT_Quests.uasset	39247	narrow	DT_Quests	Return the Fish to the Gates	Верни рыбу к воротам	
b4e61e2f3561	legacy_quests	KnightsEnd/Content/KnightsEnd/GameBackend/Systems/QuestSystem/DT_Quests.uasset	39334	narrow	DT_Quests	Description of the objective.	Описание цели.	
a1852ea11178	legacy_quests	KnightsEnd/Content/KnightsEnd/GameBackend/Systems/QuestSystem/DT_Quests.uasset	39424	utf16	DT_Quests	"Hark, Knight . . . if one may even call yee that.                             
Since ye’ve proven useless with blade and banner alike . . .
Ye’ll do a humbler task. Me missus forgot to get dinner . . .
So yee must CATCH me a FISH from the VILLAGE POND. 
Those ones taste best, me missus says . . . she says alot . . .                                                                                                                                                      
Have yee bathed ever?"	Слушай, рыцарь... если тебя так можно назвать. С мечом ты бесполезен, так займись простым: жена забыла ужин. Поймай мне РЫБУ в ДЕРЕВЕНСКОМ ПРУДУ. Эти вкуснее, говорит она. А говорит она много.	
e298cec3e227	legacy_quests	KnightsEnd/Content/KnightsEnd/GameBackend/Systems/QuestSystem/DT_Quests.uasset	40506	narrow	DT_Quests	Fish Me Dinner	Поймай ужин	
3399160de55d	legacy_quests	KnightsEnd/Content/KnightsEnd/GameBackend/Systems/QuestSystem/DT_Quests.uasset	40579	narrow	DT_Quests	Catch a Fish from the Village Pond	Поймай рыбу в деревенском пруду	
512772409b94	legacy_quests	KnightsEnd/Content/KnightsEnd/GameBackend/Systems/QuestSystem/DT_Quests.uasset	40672	narrow	DT_Quests	Grab the fishing pole to fish a fish at the forest lake shore	Возьми удочку у лесного озера	
e130bec764a9	legacy_quests	KnightsEnd/Content/KnightsEnd/GameBackend/Systems/QuestSystem/DT_Quests.uasset	40811	narrow	DT_Quests	Return the Fish to the Gates	Верни рыбу к воротам	
de81d2bbeff3	legacy_quests	KnightsEnd/Content/KnightsEnd/GameBackend/Systems/QuestSystem/DT_Quests.uasset	40898	narrow	DT_Quests	Description of the objective.	Описание цели.	
513d33eae2f4	legacy_quests	KnightsEnd/Content/KnightsEnd/GameBackend/Systems/QuestSystem/DT_Quests.uasset	40988	utf16	DT_Quests	"Saints preserve us . . . they truly sent yee.                                       
Right then, listen close, yee clattering heap of rust.
I need a FISH a proper one, from the VILLAGE POND.
Not the pale ones floatin’ on their backs . . . those are spoken for.                                                 
Plenty o’ POLES stuck in the mud. Bring the FISH quick like.                                                                                                  
My SUPPER depends on yee, gods help me . . .      "	Святые хранят... прислали тебя. Ладно, слушай, груда ржавчины. Нужна РЫБА из ДЕРЕВЕНСКОГО ПРУДА. Не те бледные, что плавают кверху брюхом. Удочек в грязи полно. Принеси быстро.	
326a5a50c97d	legacy_quests	KnightsEnd/Content/KnightsEnd/GameBackend/Systems/QuestSystem/DT_Quests.uasset	42130	narrow	DT_Quests	Rid the Growths	Искорени наросты	
c83238a5dbb5	legacy_quests	KnightsEnd/Content/KnightsEnd/GameBackend/Systems/QuestSystem/DT_Quests.uasset	42204	narrow	DT_Quests	Click and Hold Interact on the Red Growths around the Village	Удерживай взаимодействие на красном наросте	
d2a9f2e8a466	legacy_quests	KnightsEnd/Content/KnightsEnd/GameBackend/Systems/QuestSystem/DT_Quests.uasset	42324	narrow	DT_Quests	Click and Hold Interact on the RED GROWTHS around the VILLAGE	Удерживай взаимодействие на красном наросте	
14bfdfcbde9d	legacy_quests	KnightsEnd/Content/KnightsEnd/GameBackend/Systems/QuestSystem/DT_Quests.uasset	42464	narrow	DT_Quests	Return to the Gates	Вернись к воротам	
9beae67d727f	legacy_quests	KnightsEnd/Content/KnightsEnd/GameBackend/Systems/QuestSystem/DT_Quests.uasset	42542	narrow	DT_Quests	Return To Castle Gates.	Вернись к замковым воротам	
55092ace59ae	legacy_quests	KnightsEnd/Content/KnightsEnd/GameBackend/Systems/QuestSystem/DT_Quests.uasset	42626	utf16	DT_Quests	"Oi, yee. There’s THREE BIG FLESHY GROWTHS I saw in the VILLAGE.     
Make sure to check in the INSIDE the buildings as well . . .
Those disgusting things can grow anywhere . . .           
They got TENTACLES and spewing SPORES, and GLOWIN' RED!              
Hurry before it infects anything else . . .                                                                                                                                                 
I hope you like red goop!"	Эй, ты. В ДЕРЕВНЕ я видел ТРИ БОЛЬШИХ НАРОСТА ПЛОТИ. Проверь и дома: эта мерзость лезет где угодно. Щупальца, споры, красное свечение. Убери, пока не заразило все. Надеюсь, любишь красную жижу.	
15ad2da400aa	legacy_quests	KnightsEnd/Content/KnightsEnd/GameBackend/Systems/QuestSystem/DT_Quests.uasset	43676	narrow	DT_Quests	Rid the Growths	Искорени наросты	
722c9ea5c809	legacy_quests	KnightsEnd/Content/KnightsEnd/GameBackend/Systems/QuestSystem/DT_Quests.uasset	43750	narrow	DT_Quests	Click and Hold Interact on the Red Growths around the Village	Удерживай взаимодействие на красном наросте	
b9115a46890f	legacy_quests	KnightsEnd/Content/KnightsEnd/GameBackend/Systems/QuestSystem/DT_Quests.uasset	43870	narrow	DT_Quests	Click and Hold Interact on the RED GROWTHS around the VILLAGE	Удерживай взаимодействие на красном наросте	
1a0e53d1e4b0	legacy_quests	KnightsEnd/Content/KnightsEnd/GameBackend/Systems/QuestSystem/DT_Quests.uasset	44010	narrow	DT_Quests	Return to the Gates	Вернись к воротам	
a8f20be02ec5	legacy_quests	KnightsEnd/Content/KnightsEnd/GameBackend/Systems/QuestSystem/DT_Quests.uasset	44088	narrow	DT_Quests	Return To Castle Gates.	Вернись к замковым воротам	
d3c266139bbf	legacy_quests	KnightsEnd/Content/KnightsEnd/GameBackend/Systems/QuestSystem/DT_Quests.uasset	44172	utf16	DT_Quests	"Oi, yee. There’s THREE BIG FLESHY GROWTHS I saw in the VILLAGE.     
Make sure to check in the INSIDE the buildings as well . . .
Those disgusting things can grow anywhere . . .           
They got TENTACLES and spewing SPORES, and GLOWIN' RED!              
Hurry before it infects anything else . . .                                                                                                                                                 
I hope you like red goop!"	Эй, ты. В ДЕРЕВНЕ я видел ТРИ БОЛЬШИХ НАРОСТА ПЛОТИ. Проверь и дома: эта мерзость лезет где угодно. Щупальца, споры, красное свечение. Убери, пока не заразило все. Надеюсь, любишь красную жижу.	
33e34c80bff8	legacy_quests	KnightsEnd/Content/KnightsEnd/GameBackend/Systems/QuestSystem/DT_Quests.uasset	45222	narrow	DT_Quests	Bake Me Bread	Испеки хлеб	
f52a59a70327	legacy_quests	KnightsEnd/Content/KnightsEnd/GameBackend/Systems/QuestSystem/DT_Quests.uasset	45294	narrow	DT_Quests	Find the Dough in the Village Inn	Найди тесто в деревенской таверне	
3761dc286c29	legacy_quests	KnightsEnd/Content/KnightsEnd/GameBackend/Systems/QuestSystem/DT_Quests.uasset	45386	narrow	DT_Quests	Description of the objective.	Описание цели.	
a030a6ba61c5	legacy_quests	KnightsEnd/Content/KnightsEnd/GameBackend/Systems/QuestSystem/DT_Quests.uasset	45493	narrow	DT_Quests	Place Dough Into the Oven	Положи тесто в печь	
dfbde76a79d9	legacy_quests	KnightsEnd/Content/KnightsEnd/GameBackend/Systems/QuestSystem/DT_Quests.uasset	45577	narrow	DT_Quests	Description of the objective.	Описание цели.	
6cf63ae6bc03	legacy_quests	KnightsEnd/Content/KnightsEnd/GameBackend/Systems/QuestSystem/DT_Quests.uasset	45677	narrow	DT_Quests	Return the Bread to the Gates	Верни хлеб к воротам	
6d589fbc236d	legacy_quests	KnightsEnd/Content/KnightsEnd/GameBackend/Systems/QuestSystem/DT_Quests.uasset	45765	narrow	DT_Quests	Description of the objective.	Описание цели.	
cbcb17e164e1	legacy_quests	KnightsEnd/Content/KnightsEnd/GameBackend/Systems/QuestSystem/DT_Quests.uasset	45851	narrow	DT_Quests	"I've got a hungering for a fresh loaf of baked BREAD! But that blasted bell cut me off right as I finished the DOUGH! Head over to the INN in the VILLAGE and toss it in the OVEN to cook. And then bring in forth.               
Better hurry . . . Yee be starting to look like a loaf yee self."	Хочу свежего ХЛЕБА! Но проклятый колокол зазвонил, когда я закончил ТЕСТО. Иди в ТАВЕРНУ в ДЕРЕВНЕ, брось его в ПЕЧЬ и принеси хлеб. Поторопись, а то сам уже похож на батон.	
b6de836f77c3	legacy_quests	KnightsEnd/Content/KnightsEnd/GameBackend/Systems/QuestSystem/DT_Quests.uasset	46236	narrow	DT_Quests	Fish Me Dinner	Поймай ужин	
772f3c8ddd6f	legacy_quests	KnightsEnd/Content/KnightsEnd/GameBackend/Systems/QuestSystem/DT_Quests.uasset	46309	narrow	DT_Quests	Catch a Fish from the Village Pond	Поймай рыбу в деревенском пруду	
2b8251be1663	legacy_quests	KnightsEnd/Content/KnightsEnd/GameBackend/Systems/QuestSystem/DT_Quests.uasset	46402	narrow	DT_Quests	Grab the fishing pole to fish a fish at the forest lake shore	Возьми удочку у лесного озера	
03ca4677fe60	legacy_quests	KnightsEnd/Content/KnightsEnd/GameBackend/Systems/QuestSystem/DT_Quests.uasset	46541	narrow	DT_Quests	Return the Fish to the Gates	Верни рыбу к воротам	
eab4d8e67f9b	legacy_quests	KnightsEnd/Content/KnightsEnd/GameBackend/Systems/QuestSystem/DT_Quests.uasset	46628	narrow	DT_Quests	Description of the objective.	Описание цели.	
f79cdacd0b40	legacy_quests	KnightsEnd/Content/KnightsEnd/GameBackend/Systems/QuestSystem/DT_Quests.uasset	46718	narrow	DT_Quests	"I can't choke down that wretched slop fed to us in the castle.                                          
I hunger for somthing raw and riggling. CATCH me a FISH from the VILLAGE POND. Bring it back fresh so I may feast like the king. 
Yee must CATCH it yeeself! Fresh!                                      
Don't tell anyone I pretended to be the king . . .                                                "	Не могу глотать замковую баланду. Хочу чего-то сырого и шевелящегося. Поймай РЫБУ в ДЕРЕВЕНСКОМ ПРУДУ. Свежую. Сам поймай. И никому не говори, что я притворялся королем.	
1a7fd1db8f36	legacy_quests	KnightsEnd/Content/KnightsEnd/GameBackend/Systems/QuestSystem/DT_Quests.uasset	47219	narrow	DT_Quests	Light the Beacon	Зажги маяк	
6b653715b71e	legacy_quests	KnightsEnd/Content/KnightsEnd/GameBackend/Systems/QuestSystem/DT_Quests.uasset	47294	narrow	DT_Quests	Click and hold to light the Beacon by the Square Tower on the hill near the Village Pond	Удерживай взаимодействие, чтобы зажечь маяк	
08f3b44591a6	legacy_quests	KnightsEnd/Content/KnightsEnd/GameBackend/Systems/QuestSystem/DT_Quests.uasset	47441	narrow	DT_Quests	Click and hold on the BEACON near the tower on the hill north of the CASTLE GATES	Удерживай взаимодействие, чтобы зажечь маяк	
ec63439efef1	legacy_quests	KnightsEnd/Content/KnightsEnd/GameBackend/Systems/QuestSystem/DT_Quests.uasset	47601	narrow	DT_Quests	Return to the Gates	Вернись к воротам	
6b15cf2176b8	legacy_quests	KnightsEnd/Content/KnightsEnd/GameBackend/Systems/QuestSystem/DT_Quests.uasset	47679	narrow	DT_Quests	Return to the castle gates	Вернись к замковым воротам	
73cd0d2bd06e	legacy_quests	KnightsEnd/Content/KnightsEnd/GameBackend/Systems/QuestSystem/DT_Quests.uasset	47766	narrow	DT_Quests	"The BEACON that usually burns bright on the HILL has been snuffed.                     
Go light the BEACON to make sure the peasants can find their way.                   
Out the CASTLE GATES, straight ahead, you'll see a TOWER on a hill.    
Go around back and follow the torches up. The BEACON is at the top             
You should see it smoldering up there . . . "	МАЯК на ХОЛМЕ погас. Зажги его, чтобы крестьяне нашли путь. Выйди из ЗАМКОВЫХ ВОРОТ прямо, увидишь БАШНЮ на холме. Обойди сзади и иди по факелам наверх. МАЯК там.	
562a3ba2515a	legacy_quests	KnightsEnd/Content/KnightsEnd/GameBackend/Systems/QuestSystem/DT_Quests.uasset	48232	narrow	DT_Quests	Light the Beacon	Зажги маяк	
65e2cc3d15c5	legacy_quests	KnightsEnd/Content/KnightsEnd/GameBackend/Systems/QuestSystem/DT_Quests.uasset	48307	narrow	DT_Quests	Click and hold to light the Beacon near the Square Tower on the Right, just outside of the Castle Gates	Удерживай взаимодействие, чтобы зажечь маяк	
b961670c6f16	legacy_quests	KnightsEnd/Content/KnightsEnd/GameBackend/Systems/QuestSystem/DT_Quests.uasset	48469	narrow	DT_Quests	Click and hold on the BEACON near the tower on the hill east of the CASTLE GATES.	Удерживай взаимодействие, чтобы зажечь маяк	
9648d4229424	legacy_quests	KnightsEnd/Content/KnightsEnd/GameBackend/Systems/QuestSystem/DT_Quests.uasset	48629	narrow	DT_Quests	Return to the Gates	Вернись к воротам	
2a66a275ca8f	legacy_quests	KnightsEnd/Content/KnightsEnd/GameBackend/Systems/QuestSystem/DT_Quests.uasset	48707	narrow	DT_Quests	Return to the castle gates	Вернись к замковым воротам	
4495d1f9cd00	legacy_quests	KnightsEnd/Content/KnightsEnd/GameBackend/Systems/QuestSystem/DT_Quests.uasset	48794	narrow	DT_Quests	"Oi, look, another dishonored fool put in their place. Let me bestow a quest that will be sure to make yee use yee cunning . . . or perish . . .           
I need a signal BEACON lit tonight. Don't ask why. I just need it lit.         
Out the CASTLE GATES to the RIGHT, yee will see a SQUARE TOWER . . .                     
Pass the little shed and follow the lanterns up the hill.                                               
Light it swiftly . . .         "	Смотри-ка, еще один бесчестный дурень на своем месте. Дам дело, где нужна сметка... или смерть. Сегодня нужен зажженный сигнальный МАЯК. Справа от ворот увидишь КВАДРАТНУЮ БАШНЮ. Мимо сарая, по фонарям вверх.	
54bca5cda942	legacy_quests	KnightsEnd/Content/KnightsEnd/GameBackend/Systems/QuestSystem/DT_Quests.uasset	49352	narrow	DT_Quests	Light the Beacon	Зажги маяк	
e8d5ae815878	legacy_quests	KnightsEnd/Content/KnightsEnd/GameBackend/Systems/QuestSystem/DT_Quests.uasset	49427	narrow	DT_Quests	Light all the Village Beacons. You'll find one near the Pond, outside the Apothecary, and outside the Tavern	Зажги все деревенские маяки: у пруда, аптеки и таверны	
ddb3ef948e3e	legacy_quests	KnightsEnd/Content/KnightsEnd/GameBackend/Systems/QuestSystem/DT_Quests.uasset	49594	narrow	DT_Quests	Click and hold on the BEACON near the VILLAGE APOTHACARY	Удерживай взаимодействие, чтобы зажечь маяк	
98964ca6486e	legacy_quests	KnightsEnd/Content/KnightsEnd/GameBackend/Systems/QuestSystem/DT_Quests.uasset	49730	narrow	DT_Quests	Click and hold on the BEACON in the VILLAGE POND	Удерживай взаимодействие, чтобы зажечь маяк	
496c432b0b73	legacy_quests	KnightsEnd/Content/KnightsEnd/GameBackend/Systems/QuestSystem/DT_Quests.uasset	49858	narrow	DT_Quests	Click and hold on the BEACON in the VILLAGE CHURCH	Удерживай взаимодействие, чтобы зажечь маяк	
1fb9f5cd8651	legacy_quests	KnightsEnd/Content/KnightsEnd/GameBackend/Systems/QuestSystem/DT_Quests.uasset	49987	narrow	DT_Quests	Return to the Gates	Вернись к воротам	
3bc321827e0b	legacy_quests	KnightsEnd/Content/KnightsEnd/GameBackend/Systems/QuestSystem/DT_Quests.uasset	50065	narrow	DT_Quests	Return to the Castle Gates	Вернись к замковым воротам	
e8068b6a2015	legacy_quests	KnightsEnd/Content/KnightsEnd/GameBackend/Systems/QuestSystem/DT_Quests.uasset	50152	narrow	DT_Quests	"Twas returning from yee VILLAGE and saw ALL THREE BEACONS out!         
I walk by the TAVERN and didn't go in and get drunk . . . out!              
I walk past the APOTHECARY and didn't throw eggs at it . . . out!            
I cross the bridge over the POND and didn't pee in it . . . out!              
It's your job to keep 'em lit? Eh! Seems no task given to you gets done!                                                                                                                                                                               
If those BEACONS are out, who knows what could be festering . . ."	Возвращался из ДЕРЕВНИ и увидел: все ТРИ МАЯКА погасли. У таверны - погас. У аптеки - погас. У пруда - погас. Это твоя работа, да? Если маяки мертвы, кто знает, что там зреет.	
584d97544a22	legacy_quests	KnightsEnd/Content/KnightsEnd/GameBackend/Systems/QuestSystem/DT_Quests.uasset	50869	narrow	DT_Quests	<QuestName>	Задание	
20d227913ff4	legacy_quests	KnightsEnd/Content/KnightsEnd/GameBackend/Systems/QuestSystem/DT_Quests.uasset	50939	narrow	DT_Quests	Destroy All 3 Growths and Retrieve the Gold Cup	Уничтожь 3 нароста и забери золотой кубок	
c6a131fd0bcf	legacy_quests	KnightsEnd/Content/KnightsEnd/GameBackend/Systems/QuestSystem/DT_Quests.uasset	51045	narrow	DT_Quests	Fetch Gold Cup Market	Найди золотой кубок на рынке	
a8d8b2ef8bf9	legacy_quests	KnightsEnd/Content/KnightsEnd/GameBackend/Systems/QuestSystem/DT_Quests.uasset	51145	narrow	DT_Quests	Clear up Flesh Blobs.	Очисти сгустки плоти	
43d6f67d07a0	legacy_quests	KnightsEnd/Content/KnightsEnd/GameBackend/Systems/QuestSystem/DT_Quests.uasset	51245	narrow	DT_Quests	Return the Gold Cup to the Gates	Верни золотую чашу к воротам	
359538d6d771	legacy_quests	KnightsEnd/Content/KnightsEnd/GameBackend/Systems/QuestSystem/DT_Quests.uasset	51336	narrow	DT_Quests	Return Goldcup to Gates	Верни золотой кубок к воротам	
db16b2548ad3	legacy_quests	KnightsEnd/Content/KnightsEnd/GameBackend/Systems/QuestSystem/DT_Quests.uasset	51420	narrow	DT_Quests	"I've had no buisness this day and its all yee fault! Me market is full of pulsing flesh and no one has cleared it yet. No one wants to purchase items covered in that corruption.
Clear up the FLESH BLOBS in the VILLAGE MARKET and then bring me my GOLD CUP from inside the MARKET."	Сегодня торговли нет, и все из-за тебя. РЫНОК полон пульсирующей плоти, никто ее не убрал. Очисти СГУСТКИ ПЛОТИ на ДЕРЕВЕНСКОМ РЫНКЕ, потом принеси мой ЗОЛОТОЙ КУБОК изнутри.	
f96c03ff540d	legacy_quests	KnightsEnd/Content/KnightsEnd/GameBackend/Systems/QuestSystem/DT_Quests.uasset	51792	narrow	DT_Quests	<QuestName>	Задание	
fef859e506d9	legacy_quests	KnightsEnd/Content/KnightsEnd/GameBackend/Systems/QuestSystem/DT_Quests.uasset	51862	narrow	DT_Quests	Destroy All 3 Growths and Retrieve the Gold Cup	Уничтожь 3 нароста и забери золотой кубок	
44dfa1e70dbc	legacy_quests	KnightsEnd/Content/KnightsEnd/GameBackend/Systems/QuestSystem/DT_Quests.uasset	51968	narrow	DT_Quests	Fetch Gold Cup Market	Найди золотой кубок на рынке	
fd2aa0ca9d43	legacy_quests	KnightsEnd/Content/KnightsEnd/GameBackend/Systems/QuestSystem/DT_Quests.uasset	52068	narrow	DT_Quests	Clear up Flesh Blobs.	Очисти сгустки плоти	
a53b6121e97e	legacy_quests	KnightsEnd/Content/KnightsEnd/GameBackend/Systems/QuestSystem/DT_Quests.uasset	52168	narrow	DT_Quests	Return the Gold Cup to the Gates	Верни золотую чашу к воротам	
cb82315be094	legacy_quests	KnightsEnd/Content/KnightsEnd/GameBackend/Systems/QuestSystem/DT_Quests.uasset	52259	narrow	DT_Quests	Return Goldcup to Gates	Верни золотой кубок к воротам	
41296687bddb	legacy_quests	KnightsEnd/Content/KnightsEnd/GameBackend/Systems/QuestSystem/DT_Quests.uasset	52343	narrow	DT_Quests	"Why doth you knights only work at night. Tis makes buisness hard, 
specially when FLESH grows in me MARKET, THREE blobs to the count.
Clear up the FLESH BLOBS in the VILLAGE MARKET and then bring me my GOLD CUP from inside the MARKET."	Почему вы, рыцари, работаете только ночью? Дела от этого хуже, особенно когда на РЫНКЕ растет ПЛОТЬ. Три сгустка. Очисти их на ДЕРЕВЕНСКОМ РЫНКЕ и принеси мой ЗОЛОТОЙ КУБОК.	
5259236d4be7	legacy_quests	KnightsEnd/Content/KnightsEnd/GameBackend/Systems/QuestSystem/DT_Quests.uasset	52672	narrow	DT_Quests	Fetch Me Cup	Принеси мою чашу	
f444669bd052	legacy_quests	KnightsEnd/Content/KnightsEnd/GameBackend/Systems/QuestSystem/DT_Quests.uasset	52743	narrow	DT_Quests	Feth the Gold Cup from the Village Apothecary	Найди золотой кубок в деревенской аптеке	
bb60f3903d50	legacy_quests	KnightsEnd/Content/KnightsEnd/GameBackend/Systems/QuestSystem/DT_Quests.uasset	52847	narrow	DT_Quests	Fetch CUP APOTH	Найди кубок в аптеке	
f31cf9204cec	legacy_quests	KnightsEnd/Content/KnightsEnd/GameBackend/Systems/QuestSystem/DT_Quests.uasset	52940	narrow	DT_Quests	Return the Gold Cup to the Gates	Верни золотую чашу к воротам	
9d1f45d3aefd	legacy_quests	KnightsEnd/Content/KnightsEnd/GameBackend/Systems/QuestSystem/DT_Quests.uasset	53031	narrow	DT_Quests	Return The Gold Cup To The Villager	Верни золотой кубок жителю	
e3d96c1a5719	legacy_quests	KnightsEnd/Content/KnightsEnd/GameBackend/Systems/QuestSystem/DT_Quests.uasset	53127	narrow	DT_Quests	"Hark Knight. The ol' man who worked as the VILLAGE APOTHECARY hasn't been answering the door. I lent him me GOLD CUP and he hasn't given it back. I would go inside but all that flesh he has growing. We try to keep this land free of such filth. Go in that disgusting place and bring it back.                                                                                                                                                                                                               
My eyes are up here . . .                    "	Слушай, рыцарь. Старик-АПТЕКАРЬ в ДЕРЕВНЕ не отвечает. Я одолжил ему ЗОЛОТОЙ КУБОК, а он не вернул. Внутрь не пойду: там плоть. Зайди в это мерзкое место и принеси кубок. Глаза выше.	
df3b81caff17	legacy_quests	KnightsEnd/Content/KnightsEnd/GameBackend/Systems/QuestSystem/DT_Quests.uasset	53763	narrow	DT_Quests	Fetch Me Cup	Принеси мою чашу	
abb53147b713	legacy_quests	KnightsEnd/Content/KnightsEnd/GameBackend/Systems/QuestSystem/DT_Quests.uasset	53834	narrow	DT_Quests	Feth the Gold Cup from the Village Inn	Найди золотой кубок в деревенской таверне	
a6ff9233803f	legacy_quests	KnightsEnd/Content/KnightsEnd/GameBackend/Systems/QuestSystem/DT_Quests.uasset	53931	narrow	DT_Quests	Fetch the Gold Cup In the Apothacy	Найди золотой кубок в аптеке	
b2598bce562f	legacy_quests	KnightsEnd/Content/KnightsEnd/GameBackend/Systems/QuestSystem/DT_Quests.uasset	54043	narrow	DT_Quests	Return the Gold Cup to the Gates	Верни золотую чашу к воротам	
497717ae2c43	legacy_quests	KnightsEnd/Content/KnightsEnd/GameBackend/Systems/QuestSystem/DT_Quests.uasset	54134	narrow	DT_Quests	Return Gold Cup	Верни золотой кубок	
81591443bd35	legacy_quests	KnightsEnd/Content/KnightsEnd/GameBackend/Systems/QuestSystem/DT_Quests.uasset	54210	narrow	DT_Quests	"I left me GOLD CUP in the VILLAGE INN! It's so special . . .     
Special to me . . . Can't believe I left it.   
That bell has me rushed. Yee won't catch me outside after dark.      
So its up to yee to bring it back to me . . .   
Go on now, geet!"	Оставил ЗОЛОТОЙ КУБОК в ДЕРЕВЕНСКОЙ ТАВЕРНЕ. Особый он для меня. Колокол спугнул, а после темноты я наружу не выйду. Так что верни его. Ну, пошел.	
800b1b9bff0c	legacy_quests	KnightsEnd/Content/KnightsEnd/GameBackend/Systems/QuestSystem/DT_Quests.uasset	54555	narrow	DT_Quests	Light the Beacon	Зажги маяк	
26a0a7c7ca9c	legacy_quests	KnightsEnd/Content/KnightsEnd/GameBackend/Systems/QuestSystem/DT_Quests.uasset	54630	narrow	DT_Quests	Light the Beacon deep in the Forest near the Outer Gates	Зажги маяк в глубине леса у внешних ворот	
a68381a35906	legacy_quests	KnightsEnd/Content/KnightsEnd/GameBackend/Systems/QuestSystem/DT_Quests.uasset	54745	narrow	DT_Quests	Light the BEACON deep in the FOREST near the OUTER GATES	Зажги МАЯК в глубине ЛЕСА у ВНЕШНИХ ВОРОТ	
b84e9668ec59	legacy_quests	KnightsEnd/Content/KnightsEnd/GameBackend/Systems/QuestSystem/DT_Quests.uasset	54880	narrow	DT_Quests	Return to the Gates	Вернись к воротам	
689dd48b6700	legacy_quests	KnightsEnd/Content/KnightsEnd/GameBackend/Systems/QuestSystem/DT_Quests.uasset	54958	narrow	DT_Quests	Return to the castle gates	Вернись к замковым воротам	
69d3251f45ba	legacy_quests	KnightsEnd/Content/KnightsEnd/GameBackend/Systems/QuestSystem/DT_Quests.uasset	55045	narrow	DT_Quests	"Was gazing towards the OUTER GATES. . . in the FOREST . . .               
I . . . I saw something horrible . . . Heard a sinister callin' . . .
You must go out to light the BEACONS, maybe it will scare it off . . . 
It's by the old gates, that keep the flesh out, deep in the FOREST 
Might have to trek quite a ways, but it's there.     "	Смотрел к ДАЛЬНИМ ВОРОТАМ в ЛЕСУ... увидел ужасное и услышал зловещий зов. Зажги там МАЯКИ, может, отпугнут. Они у старых ворот глубоко в ЛЕСУ. Идти далеко, но они там.	
8e79fb1a91d4	legacy_quests	KnightsEnd/Content/KnightsEnd/GameBackend/Systems/QuestSystem/DT_Quests.uasset	55480	narrow	DT_Quests	Light the Beacon	Зажги маяк	
24e0aabc53e7	legacy_quests	KnightsEnd/Content/KnightsEnd/GameBackend/Systems/QuestSystem/DT_Quests.uasset	55555	narrow	DT_Quests	Click and Hold to light the Beacon near the Apothecary in the Village	Удерживай взаимодействие, чтобы зажечь маяк	
21cb2e220a90	legacy_quests	KnightsEnd/Content/KnightsEnd/GameBackend/Systems/QuestSystem/DT_Quests.uasset	55683	narrow	DT_Quests	Click and hold on the BEACON near the apothocary in the VILLAGE	Удерживай взаимодействие, чтобы зажечь маяк	
f9fde7be4008	legacy_quests	KnightsEnd/Content/KnightsEnd/GameBackend/Systems/QuestSystem/DT_Quests.uasset	55825	narrow	DT_Quests	Return to the Gates	Вернись к воротам	
0efa4c0f60af	legacy_quests	KnightsEnd/Content/KnightsEnd/GameBackend/Systems/QuestSystem/DT_Quests.uasset	55903	narrow	DT_Quests	Return to the castle gates	Вернись к замковым воротам	
3fb2a3c78964	legacy_quests	KnightsEnd/Content/KnightsEnd/GameBackend/Systems/QuestSystem/DT_Quests.uasset	55990	utf16	DT_Quests	"Does me pain give yee joy? I near died reachin’ this castle.     
The VILLAGE paths twisted on me in the dark, and yee APOTHECARY's BEACON stood unlit this night. Light this BEACON, so next night I can find me way through the VILLAGE and not be another tale . . .                                                                                                                            
Have yee washed recently . . .                                 "	Моя боль радует тебя? Я едва добрался до замка. Деревенские тропы ночью скрутились, а МАЯК у АПТЕКИ был погашен. Зажги его, чтобы следующей ночью я нашел путь и не стал очередной байкой.	
e7c4a7e513d3	legacy_quests	KnightsEnd/Content/KnightsEnd/GameBackend/Systems/QuestSystem/DT_Quests.uasset	56990	narrow	DT_Quests	Light the Beacon	Зажги маяк	
ddfcd3e54420	legacy_quests	KnightsEnd/Content/KnightsEnd/GameBackend/Systems/QuestSystem/DT_Quests.uasset	57065	narrow	DT_Quests	Click and Hold to light the Beacon at the Farm	Удерживай взаимодействие, чтобы зажечь маяк	
4142fc5a7d5a	legacy_quests	KnightsEnd/Content/KnightsEnd/GameBackend/Systems/QuestSystem/DT_Quests.uasset	57170	narrow	DT_Quests	Click and hold on the BEACON at the farm	Удерживай взаимодействие, чтобы зажечь маяк	
9e168cc6473a	legacy_quests	KnightsEnd/Content/KnightsEnd/GameBackend/Systems/QuestSystem/DT_Quests.uasset	57289	narrow	DT_Quests	Return to the Gates	Вернись к воротам	
4e5b554b5259	legacy_quests	KnightsEnd/Content/KnightsEnd/GameBackend/Systems/QuestSystem/DT_Quests.uasset	57367	narrow	DT_Quests	Return to the castle gates	Вернись к замковым воротам	
6f145b898496	legacy_quests	KnightsEnd/Content/KnightsEnd/GameBackend/Systems/QuestSystem/DT_Quests.uasset	57454	narrow	DT_Quests	"Got a task for yee that must be done at once!       
Gunna need yee to LIGHT the BEACON out at the FARM . . .                   
Saw some shadowed figures out in the fields.
Could just be stragglers. Ignoring the glory of the King.
The glow of thee flames will light the truth . . .                                                                                                                        
Last knight I told to do this didn't make it back . . .                                                                            
Are all you disgraced Knights so worthless? "	Есть дело, и срочное. Нужно ЗАЖЕЧЬ МАЯК на ФЕРМЕ. В полях видел теневые фигуры. Может, бродяги, но пламя покажет правду. Последний рыцарь, кому я это поручил, не вернулся.	
77e9a043cdca	legacy_quests	KnightsEnd/Content/KnightsEnd/GameBackend/Systems/QuestSystem/DT_Quests.uasset	58132	narrow	DT_Quests	Beacon In the Ruins	Маяк в руинах	
468fa9bf8b3c	legacy_quests	KnightsEnd/Content/KnightsEnd/GameBackend/Systems/QuestSystem/DT_Quests.uasset	58210	narrow	DT_Quests	Light the Beacon deep in the Forest at the Forest Ruins	Зажги маяк в глубине леса, у лесных руин	
706361659711	legacy_quests	KnightsEnd/Content/KnightsEnd/GameBackend/Systems/QuestSystem/DT_Quests.uasset	58324	narrow	DT_Quests	Click and hold on the BEACON deep in the FOREST near the old castle gates	Удерживай взаимодействие, чтобы зажечь маяк	
5bbbcd9649dd	legacy_quests	KnightsEnd/Content/KnightsEnd/GameBackend/Systems/QuestSystem/DT_Quests.uasset	58476	narrow	DT_Quests	Return to the Gates	Вернись к воротам	
5c4c9c801caa	legacy_quests	KnightsEnd/Content/KnightsEnd/GameBackend/Systems/QuestSystem/DT_Quests.uasset	58554	narrow	DT_Quests	Return to the castle gates	Вернись к замковым воротам	
1e045fd854f4	legacy_quests	KnightsEnd/Content/KnightsEnd/GameBackend/Systems/QuestSystem/DT_Quests.uasset	58641	narrow	DT_Quests	"Oi! You there! May thee gods help me I could smell you from out here. 
Best send yee far away from here . . .            
Theres a BEACON deep in the FOREST in ye old RUINS.             
But someone keeps puttin' them out . . . or something . . .                                   
Go light the BEACON, hopefully the smoke will mask yee putrid stench . . ."	Эй! Ты там! Боги, я чую тебя снаружи. Лучше отправить тебя подальше. В глубине ЛЕСА, в старых РУИНАХ, есть МАЯК. Кто-то все гасит его. Зажги, пусть дым перебьет твою вонь.	
85ffd9c04d31	legacy_quests	KnightsEnd/Content/KnightsEnd/GameBackend/Systems/QuestSystem/DT_Quests.uasset	59094	narrow	DT_Quests	Light the Beacon	Зажги маяк	
ad1c3f7f3610	legacy_quests	KnightsEnd/Content/KnightsEnd/GameBackend/Systems/QuestSystem/DT_Quests.uasset	59169	narrow	DT_Quests	Click and Hold to light the Beacon at the Village Pond	Удерживай взаимодействие, чтобы зажечь маяк	
882b2811e41c	legacy_quests	KnightsEnd/Content/KnightsEnd/GameBackend/Systems/QuestSystem/DT_Quests.uasset	59282	narrow	DT_Quests	Click and hold on the BEACON at the VILLAGE POND	Удерживай взаимодействие, чтобы зажечь маяк	
fb1d576d7559	legacy_quests	KnightsEnd/Content/KnightsEnd/GameBackend/Systems/QuestSystem/DT_Quests.uasset	59409	narrow	DT_Quests	Return to the Gates	Вернись к воротам	
d7adfa3c8918	legacy_quests	KnightsEnd/Content/KnightsEnd/GameBackend/Systems/QuestSystem/DT_Quests.uasset	59487	narrow	DT_Quests	Return to the castle gates	Вернись к замковым воротам	
9405b9794bbf	legacy_quests	KnightsEnd/Content/KnightsEnd/GameBackend/Systems/QuestSystem/DT_Quests.uasset	59574	utf16	DT_Quests	"Heard somethin strange splashin in the water by the VILLAGE POND!
Go out there and LIGHT the BEACON maybe the flames will scare it away.           
Go now! Yee spineless knob! Finish the quest I hath bestowed upon thee!                                           
If yee stray down the wrong path, keep goin’ castle's better without yee!        "	Слышал странный всплеск у ДЕРЕВЕНСКОГО ПРУДА. Иди и ЗАЖГИ МАЯК, может, огонь отпугнет это. Живо, бесхребетный. И не сверни не туда, замку без тебя лучше.	
9959a28f8754	legacy_quests	KnightsEnd/Content/KnightsEnd/GameBackend/Systems/QuestSystem/DT_Quests.uasset	60362	narrow	DT_Quests	Rid Flesh Pillars	Искорени столпы плоти	
d55b5bcec73e	legacy_quests	KnightsEnd/Content/KnightsEnd/GameBackend/Systems/QuestSystem/DT_Quests.uasset	60438	narrow	DT_Quests	Find out how to make the stange Flesh go away at the Forest Pond	Разберись с плотью у лесного пруда	
7734edad173a	legacy_quests	KnightsEnd/Content/KnightsEnd/GameBackend/Systems/QuestSystem/DT_Quests.uasset	60561	narrow	DT_Quests	Description of the objective.	Описание цели.	
b508068078c5	legacy_quests	KnightsEnd/Content/KnightsEnd/GameBackend/Systems/QuestSystem/DT_Quests.uasset	60669	narrow	DT_Quests	Return to the Gates	Вернись к воротам	
5625ee05dbb8	legacy_quests	KnightsEnd/Content/KnightsEnd/GameBackend/Systems/QuestSystem/DT_Quests.uasset	60747	narrow	DT_Quests	Description of the objective.	Описание цели.	
1671cf2574d7	legacy_quests	KnightsEnd/Content/KnightsEnd/GameBackend/Systems/QuestSystem/DT_Quests.uasset	60845	narrow	DT_Quests	"Ungodly sight, shakes me to the core. . .                         
Oh, I also saw more PILLARS of FLESH have broken out in the FOREST by the POND! So unnerving just sitting there. . . I've heard the Herbalist say there all connected. . . Like some kinda uhhhh. uhhhhhhh. . .                                                                      
Welp. Ill leave yee to it."	Нечестивое зрелище, до костей пробрало. У ЛЕСНОГО ПРУДА выросли еще СТОЛПЫ ПЛОТИ. Травник говорил, они связаны... как одна сеть, что ли. Ладно, оставлю тебя с этим.	
9935583db350	legacy_quests	KnightsEnd/Content/KnightsEnd/GameBackend/Systems/QuestSystem/DT_Quests.uasset	61311	narrow	DT_Quests	<QuestName>	Задание	
b04fbc61c39b	legacy_quests	KnightsEnd/Content/KnightsEnd/GameBackend/Systems/QuestSystem/DT_Quests.uasset	61381	narrow	DT_Quests	Fetch the Bucket near the Castle Gates.	Найди ведро у замковых ворот	
6e8700600d44	legacy_quests	KnightsEnd/Content/KnightsEnd/GameBackend/Systems/QuestSystem/DT_Quests.uasset	61479	narrow	DT_Quests	Fetch my old bucket	Найди мое старое ведро	
f4a478467448	legacy_quests	KnightsEnd/Content/KnightsEnd/GameBackend/Systems/QuestSystem/DT_Quests.uasset	61576	narrow	DT_Quests	Return the Bucket to the Gates.	Верни ведро к воротам	
329ed5e00959	legacy_quests	KnightsEnd/Content/KnightsEnd/GameBackend/Systems/QuestSystem/DT_Quests.uasset	61666	narrow	DT_Quests	Description of the objective.	Описание цели.	
8d6ecebee212	legacy_quests	KnightsEnd/Content/KnightsEnd/GameBackend/Systems/QuestSystem/DT_Quests.uasset	61756	narrow	DT_Quests	I have a quest for you!	У меня есть для тебя дело!	
d258671fe74e	legacy_quests	KnightsEnd/Content/KnightsEnd/GameBackend/Systems/QuestSystem/DT_Quests.uasset	61860	narrow	DT_Quests	Rid the Growths	Искорени наросты	
b041c3f7d232	legacy_quests	KnightsEnd/Content/KnightsEnd/GameBackend/Systems/QuestSystem/DT_Quests.uasset	61934	narrow	DT_Quests	Click and Hold Interact on the Red Growths around the Village Pond	Удерживай взаимодействие на красном наросте	
1c92c9ea2f97	legacy_quests	KnightsEnd/Content/KnightsEnd/GameBackend/Systems/QuestSystem/DT_Quests.uasset	62059	narrow	DT_Quests	Click and Hold Interact on the RED GROWTHS around the VILLAGE POND	Удерживай взаимодействие на красном наросте	
898aa3ef91ca	legacy_quests	KnightsEnd/Content/KnightsEnd/GameBackend/Systems/QuestSystem/DT_Quests.uasset	62204	narrow	DT_Quests	Return to the Gates	Вернись к воротам	
e4b1fd13fc8a	legacy_quests	KnightsEnd/Content/KnightsEnd/GameBackend/Systems/QuestSystem/DT_Quests.uasset	62282	narrow	DT_Quests	Return To Castle Gates.	Вернись к замковым воротам	
6208e60fc387	legacy_quests	KnightsEnd/Content/KnightsEnd/GameBackend/Systems/QuestSystem/DT_Quests.uasset	62366	narrow	DT_Quests	"Oh, the treachery. Crossing the VILLAGE POND!          
I saw THREE FLESHY GROWTHS growing by water!            
They are gunna contaminate our water!     
Yee must go out and remove em at once!   
Such work is not for the likes of me . . ."	О, предательство! Перешел ДЕРЕВЕНСКИЙ ПРУД и увидел ТРИ НАРОСТА ПЛОТИ у воды. Они отравят все! Убери их немедля. Такая работа не для меня.	
85b0ecbfbed1	legacy_quests	KnightsEnd/Content/KnightsEnd/GameBackend/Systems/QuestSystem/DT_Quests.uasset	62703	narrow	DT_Quests	What are Those?	Что это за твари?	
cd582b14c9f8	legacy_quests	KnightsEnd/Content/KnightsEnd/GameBackend/Systems/QuestSystem/DT_Quests.uasset	62777	narrow	DT_Quests	Find out how to make the stange Flesh go away at the Village Pond	Разберись с плотью у деревенского пруда	
7e90e615990a	legacy_quests	KnightsEnd/Content/KnightsEnd/GameBackend/Systems/QuestSystem/DT_Quests.uasset	62901	narrow	DT_Quests	Get the rooooocks	Добудь кааамни	
7feb6579e784	legacy_quests	KnightsEnd/Content/KnightsEnd/GameBackend/Systems/QuestSystem/DT_Quests.uasset	62997	narrow	DT_Quests	Return to the Gates	Вернись к воротам	
6a1be50cbc6c	legacy_quests	KnightsEnd/Content/KnightsEnd/GameBackend/Systems/QuestSystem/DT_Quests.uasset	63075	narrow	DT_Quests	Talk to Villager at the Castle Gates	Поговори с жителем у замковых ворот	
450a1b007db8	legacy_quests	KnightsEnd/Content/KnightsEnd/GameBackend/Systems/QuestSystem/DT_Quests.uasset	63172	narrow	DT_Quests	"Aye, it's you again? New Knights, usually dont last this long . . .          
Yee be THREE PILLARS of FLESH out by the VILLAGE POND.    
These ones don't behave like normal!             
They just popped back up when I tried pushin one down, but as I touch the other . . . It popped right back up! Scared the bell out of me!                                                          
Quickly . . . I still feel their eyeless gaze upon me."	А, снова ты? Новые рыцари обычно столько не живут. У ДЕРЕВЕНСКОГО ПРУДА стоят ТРИ СТОЛПА ПЛОТИ. Они странные: тронешь один, другой будто поднимается вновь. Быстрее, я все еще чувствую их слепой взгляд.	
80bf1c541e41	legacy_quests	KnightsEnd/Content/KnightsEnd/GameBackend/Systems/QuestSystem/DT_Quests.uasset	63706	narrow	DT_Quests	Rid the Growths	Искорени наросты	
07f0a7dcb85a	legacy_quests	KnightsEnd/Content/KnightsEnd/GameBackend/Systems/QuestSystem/DT_Quests.uasset	63780	narrow	DT_Quests	Click and Hold Interact on the Red Growths at the Graveyard	Удерживай взаимодействие на красном наросте	
40f7e0da3416	legacy_quests	KnightsEnd/Content/KnightsEnd/GameBackend/Systems/QuestSystem/DT_Quests.uasset	63898	narrow	DT_Quests	Click and Hold Interact on the RED GROWTH at the Graveyard	Удерживай взаимодействие на красном наросте	
b54fb09d1944	legacy_quests	KnightsEnd/Content/KnightsEnd/GameBackend/Systems/QuestSystem/DT_Quests.uasset	64035	narrow	DT_Quests	Return to the Gates	Вернись к воротам	
d6e26500b764	legacy_quests	KnightsEnd/Content/KnightsEnd/GameBackend/Systems/QuestSystem/DT_Quests.uasset	64113	narrow	DT_Quests	Speak to the Villager at the Castle Gates.	Поговори с жителем у ворот	
9a17523fffbe	legacy_quests	KnightsEnd/Content/KnightsEnd/GameBackend/Systems/QuestSystem/DT_Quests.uasset	64216	utf16	DT_Quests	"The GRAVEYARD . . . there be FOUR BIG FLESHY GROWTHS.
Must be doing something with the flesh down below . . .                       
What!? Havent seen yee old graveyard? Pitty and shame . . .               
Its out behind the Lumbermill headed towards yee Farm.                                          
I scolded ’em a few times . . . No effect. So now yee be the one to do it."	На КЛАДБИЩЕ ЧЕТЫРЕ БОЛЬШИХ НАРОСТА ПЛОТИ. Видать, что-то делают с плотью под землей. Кладбище за лесопилкой, по дороге к ферме. Я ругал их - без толку. Теперь твоя очередь.	
0fe4a057de51	legacy_quests	KnightsEnd/Content/KnightsEnd/GameBackend/Systems/QuestSystem/DT_Quests.uasset	65076	narrow	DT_Quests	Fetch Me Axe	Принеси топор	
8584d411f52a	legacy_quests	KnightsEnd/Content/KnightsEnd/GameBackend/Systems/QuestSystem/DT_Quests.uasset	65147	narrow	DT_Quests	Find the Axe left behind in the Lumbermill	Найди топор на лесопилке	
76a6cf4896eb	legacy_quests	KnightsEnd/Content/KnightsEnd/GameBackend/Systems/QuestSystem/DT_Quests.uasset	65248	narrow	DT_Quests	Description of the objective.	Описание цели.	
ce64ee3a6478	legacy_quests	KnightsEnd/Content/KnightsEnd/GameBackend/Systems/QuestSystem/DT_Quests.uasset	65355	narrow	DT_Quests	Return the Axe to the Gates	Верни топор к воротам	
18a34b3abbda	legacy_quests	KnightsEnd/Content/KnightsEnd/GameBackend/Systems/QuestSystem/DT_Quests.uasset	65441	narrow	DT_Quests	Description of the objective.	Описание цели.	
c9b2268f0893	legacy_quests	KnightsEnd/Content/KnightsEnd/GameBackend/Systems/QuestSystem/DT_Quests.uasset	65531	narrow	DT_Quests	"It is time for you to become a hard man . . . or woman . . .  I can't tell . . . but yee are soft . . . soft as clay . . . pathetic . . .            
Chopped me HAND AXE a bit to deep into somethin out in yee LUMBERMILL. Got it mighty stuck me did. Don't quite remember where . . .                   
I was swinging at the walls and the stairs and uhhh the logs . . .                 
Just find it and prove yee hardness to me."	Пора тебе стать твердым человеком... или женщиной, не разберу. Ты мягок, как глина. Я загнал РУЧНОЙ ТОПОР во что-то на ЛЕСОПИЛКЕ и застрял он крепко. Не помню где: стены, лестницы, бревна... Найди и докажи твердость.	
1e2db1fa61f7	legacy_quests	KnightsEnd/Content/KnightsEnd/GameBackend/Systems/QuestSystem/DT_Quests.uasset	66054	narrow	DT_Quests	Rid the Growths	Искорени наросты	
8698d8d327f5	legacy_quests	KnightsEnd/Content/KnightsEnd/GameBackend/Systems/QuestSystem/DT_Quests.uasset	66128	narrow	DT_Quests	Click and Hold Interact on the Red Growths at the Lumbermill	Удерживай взаимодействие на красном наросте	
38626e761618	legacy_quests	KnightsEnd/Content/KnightsEnd/GameBackend/Systems/QuestSystem/DT_Quests.uasset	66247	narrow	DT_Quests	Click and Hold Interact on the Red Growths at the Lumbermill	Удерживай взаимодействие на красном наросте	
7820110e2b39	legacy_quests	KnightsEnd/Content/KnightsEnd/GameBackend/Systems/QuestSystem/DT_Quests.uasset	66386	narrow	DT_Quests	Return to the Gates	Вернись к воротам	
b60a100415f8	legacy_quests	KnightsEnd/Content/KnightsEnd/GameBackend/Systems/QuestSystem/DT_Quests.uasset	66464	narrow	DT_Quests	Speak to the Villager at the Castle Gates.	Поговори с жителем у ворот	
597ff8a0b584	legacy_quests	KnightsEnd/Content/KnightsEnd/GameBackend/Systems/QuestSystem/DT_Quests.uasset	66567	narrow	DT_Quests	"Was mindin' me buisness . . . then suddenly, I was surrounded by these BIG FLESHY GROWTHS! Got meself outta the LUMBERMILL fast!
I spotted FOUR of em! Get them gone before they infest the whole place!
The LUMBERMILL is out towards yee Farm, if yee cant remember . . .                                          "	Занимался своим делом, а потом вокруг ЛЕСОПИЛКИ выросли БОЛЬШИЕ НАРОСТЫ ПЛОТИ. Четыре штуки. Убери их, пока место не заросло целиком. Лесопилка по дороге к ферме, если память у тебя как у гвоздя.	
4a6429c13c0d	legacy_quests	KnightsEnd/Content/KnightsEnd/GameBackend/Systems/QuestSystem/DT_Quests.uasset	66971	narrow	DT_Quests	Fetch Me Skull	Принеси череп	
90a2839a6fb6	legacy_quests	KnightsEnd/Content/KnightsEnd/GameBackend/Systems/QuestSystem/DT_Quests.uasset	67044	narrow	DT_Quests	Fetch the lost Skull from somewhere in the Graveyard	Найди потерянный череп на кладбище	
f1df0fd4a502	legacy_quests	KnightsEnd/Content/KnightsEnd/GameBackend/Systems/QuestSystem/DT_Quests.uasset	67155	narrow	DT_Quests	Find the Skull	Найди череп	
0fe04b65be61	legacy_quests	KnightsEnd/Content/KnightsEnd/GameBackend/Systems/QuestSystem/DT_Quests.uasset	67247	narrow	DT_Quests	Return the Skull to the Gates	Верни череп к воротам	
7a4357f66308	legacy_quests	KnightsEnd/Content/KnightsEnd/GameBackend/Systems/QuestSystem/DT_Quests.uasset	67335	narrow	DT_Quests	Return the SKULL the the Villager at the Castle	Верни череп жителю у замка	
8c3c763f7399	legacy_quests	KnightsEnd/Content/KnightsEnd/GameBackend/Systems/QuestSystem/DT_Quests.uasset	67443	narrow	DT_Quests	"Left me father's SKULL down at the GRAVEYARD behind the LUMBERMILL. 
Sometimes I dig 'em out to try and have a chat . . . Ugh but I forgot to bury his SKULL again! Don't wanna leave 'em there to be stolen!                     
Oh, Faaaaaaaaaaaather!                                       
Musta left 'em on top of one of the graves or tomb stones . . .                                                                                                          
Can't quite remember. Off yee go. Bring his SKULL back to me."	Оставил ЧЕРЕП отца на КЛАДБИЩЕ за ЛЕСОПИЛКОЙ. Иногда выкапываю его, чтобы поговорить... и опять забыл закопать. Он где-то на могиле или плите. Принеси ЧЕРЕП обратно.	
23ed015d0210	legacy_quests	KnightsEnd/Content/KnightsEnd/GameBackend/Systems/QuestSystem/DT_Quests.uasset	68060	narrow	DT_Quests	Finish Cauldron Apothecary	Заверши смесь в аптеке	
6b0b76952a16	legacy_quests	KnightsEnd/Content/KnightsEnd/GameBackend/Systems/QuestSystem/DT_Quests.uasset	68145	narrow	DT_Quests	Go to the Village Apothecary and Finsih the Mixture	Иди в деревенскую аптеку и заверши смесь	
ebde70a98e0a	legacy_quests	KnightsEnd/Content/KnightsEnd/GameBackend/Systems/QuestSystem/DT_Quests.uasset	68255	narrow	DT_Quests	Description of the objective.	Описание цели.	
43d7bcc15f41	legacy_quests	KnightsEnd/Content/KnightsEnd/GameBackend/Systems/QuestSystem/DT_Quests.uasset	68361	narrow	DT_Quests	Description of the objective.	Описание цели.	
b54e00f59e69	legacy_quests	KnightsEnd/Content/KnightsEnd/GameBackend/Systems/QuestSystem/DT_Quests.uasset	68468	narrow	DT_Quests	Return the Potion to the Gates	Верни зелье к воротам	
b33c9fcd57e6	legacy_quests	KnightsEnd/Content/KnightsEnd/GameBackend/Systems/QuestSystem/DT_Quests.uasset	68557	narrow	DT_Quests	Description of the objective.	Описание цели.	
759ff17c42f2	legacy_quests	KnightsEnd/Content/KnightsEnd/GameBackend/Systems/QuestSystem/DT_Quests.uasset	68647	utf16	DT_Quests	"The APOTHECARY Herbalist has been missing for some time now . . . 
I have been feelin’ a bit droll and need a POTION. Yee must go into the APOTHECARY and make me one. I scrawled the ingredients on the BOARD in the back. Go there and finish my mixture so I may rest easy . . .
I wrote them myself this morn’ so I know them to be right . . ."	ТРАВНИК из АПТЕКИ пропал. Мне нехорошо, нужно ЗЕЛЬЕ. Иди в АПТЕКУ, ингредиенты я написал на доске сзади. Закончи смесь, и я смогу спать спокойно. Сам утром писал, значит верно.	
faeccb4db86a	legacy_quests	KnightsEnd/Content/KnightsEnd/GameBackend/Systems/QuestSystem/DT_Quests.uasset	69423	narrow	DT_Quests	Fetch Me Skull	Принеси череп	
84611b2d3545	legacy_quests	KnightsEnd/Content/KnightsEnd/GameBackend/Systems/QuestSystem/DT_Quests.uasset	69496	narrow	DT_Quests	Fetch the lost Skull from somewhere in the Village Apothecary	Найди потерянный череп в деревенской аптеке	
371694415157	legacy_quests	KnightsEnd/Content/KnightsEnd/GameBackend/Systems/QuestSystem/DT_Quests.uasset	69616	narrow	DT_Quests	Find the Skull	Найди череп	
2f7e9b5644df	legacy_quests	KnightsEnd/Content/KnightsEnd/GameBackend/Systems/QuestSystem/DT_Quests.uasset	69708	narrow	DT_Quests	Return the Skull to the Gates	Верни череп к воротам	
072ef5e801ca	legacy_quests	KnightsEnd/Content/KnightsEnd/GameBackend/Systems/QuestSystem/DT_Quests.uasset	69796	narrow	DT_Quests	Return the SKULL the the Villager at the Castle	Верни череп жителю у замка	
7e804ee535f0	legacy_quests	KnightsEnd/Content/KnightsEnd/GameBackend/Systems/QuestSystem/DT_Quests.uasset	69904	narrow	DT_Quests	"Humph, Oh Dishonored. . .     
I've grown quite weary of hearing the others talk as I pontificate.                 
I heard the Herbalist was doing experiment with the dead.
Go into his APOTHECARY in the VILLAGE and steal me one of his old SKULLS. I still yern for somehing to talk to. Hurry I'm quite desperate.                                                                         
You think I wanna keep talking to you!? HA!"	Хм, бесчестный... устал слушать болтовню живых. Слышал, травник в ДЕРЕВЕНСКОЙ АПТЕКЕ делал опыты с мертвыми. Укради мне там старый ЧЕРЕП. Очень нужен собеседник. И не думай, что я хочу говорить с тобой.	
905b44958967	legacy_quests	KnightsEnd/Content/KnightsEnd/GameBackend/Systems/QuestSystem/DT_Quests.uasset	70430	narrow	DT_Quests	Chop Logs	Наруби бревна	
6f01867e7239	legacy_quests	KnightsEnd/Content/KnightsEnd/GameBackend/Systems/QuestSystem/DT_Quests.uasset	70498	narrow	DT_Quests	Chop all the Small Logs Inside the Lumbermill and Deposit them in the nearby Chest	Наруби малые бревна на лесопилке и сложи в сундук	
205e9f5fc922	legacy_quests	KnightsEnd/Content/KnightsEnd/GameBackend/Systems/QuestSystem/DT_Quests.uasset	70639	narrow	DT_Quests	Spawn Necessary Items	Создай нужные предметы	
aaace7ea5cdb	legacy_quests	KnightsEnd/Content/KnightsEnd/GameBackend/Systems/QuestSystem/DT_Quests.uasset	70737	narrow	DT_Quests	Description of the objective.	Описание цели.	
c55d20dbba72	legacy_quests	KnightsEnd/Content/KnightsEnd/GameBackend/Systems/QuestSystem/DT_Quests.uasset	70843	narrow	DT_Quests	Description of the objective.	Описание цели.	
434c76057c72	legacy_quests	KnightsEnd/Content/KnightsEnd/GameBackend/Systems/QuestSystem/DT_Quests.uasset	70951	narrow	DT_Quests	Return to the Gates	Вернись к воротам	
735432ba3542	legacy_quests	KnightsEnd/Content/KnightsEnd/GameBackend/Systems/QuestSystem/DT_Quests.uasset	71029	narrow	DT_Quests	ReturnStage	Вернись	
894bbe31a4b4	legacy_quests	KnightsEnd/Content/KnightsEnd/GameBackend/Systems/QuestSystem/DT_Quests.uasset	71101	narrow	DT_Quests	"Oi, was out at yee LUMBERMILL CHOPPING FIREWOOD LOGS when I heard that bell. Couldn't finish me work . . . Was too scared to stay!    
Gotta use yee CHOPPING BLOCK to cut the FIREWOOD LOGS then DEPOSIT em in the STORAGE CHEST!
Those beacons won't fuel themselves!"	Рубил ДРОВА на ЛЕСОПИЛКЕ, когда ударил колокол. Работу не закончил. Используй КОЛОДУ, поруби БРЕВНА и сложи их в СУНДУК. Маяки сами себя не накормят.	
46b8819e2196	legacy_quests	KnightsEnd/Content/KnightsEnd/GameBackend/Systems/QuestSystem/DT_Quests.uasset	71459	narrow	DT_Quests	Fill Fish Bucket	Наполни ведро рыбой	
072b321985ff	legacy_quests	KnightsEnd/Content/KnightsEnd/GameBackend/Systems/QuestSystem/DT_Quests.uasset	71534	narrow	DT_Quests	Catch Fish from the Forest Lake and Deposit them in the Bucket on the Bridge	Поймай рыбу в лесном озере и сложи в ведро на мосту	
7ee5e05d64a3	legacy_quests	KnightsEnd/Content/KnightsEnd/GameBackend/Systems/QuestSystem/DT_Quests.uasset	71669	narrow	DT_Quests	Description of the objective.	Описание цели.	
4a34ad9ce8af	legacy_quests	KnightsEnd/Content/KnightsEnd/GameBackend/Systems/QuestSystem/DT_Quests.uasset	71775	narrow	DT_Quests	fill the bucket	Наполни ведро	
4ba49b805bc4	legacy_quests	KnightsEnd/Content/KnightsEnd/GameBackend/Systems/QuestSystem/DT_Quests.uasset	71869	narrow	DT_Quests	Return to the Gates	Вернись к воротам	
0014e5c4241c	legacy_quests	KnightsEnd/Content/KnightsEnd/GameBackend/Systems/QuestSystem/DT_Quests.uasset	71947	narrow	DT_Quests	Description of the objective.	Описание цели.	
d50f673ef1f0	legacy_quests	KnightsEnd/Content/KnightsEnd/GameBackend/Systems/QuestSystem/DT_Quests.uasset	72037	narrow	DT_Quests	"I have had no luck fishing this day . . .
I need me BUCKET fillled with FOUR FISH to feed me family . . .
I left the BUCKET on the BRIDGE in the FOREST LAKE . . . 
Put FISH in there until it is full, then come tell me. 
Do not bring more shame apon yeeself, soft man"	Сегодня рыбалка не задалась. Нужно ВЕДРО с ЧЕТЫРЬМЯ РЫБАМИ для семьи. Оставил ведро на МОСТУ у ЛЕСНОГО ОЗЕРА. Клади рыбу, пока не наполнится, потом скажи мне.	
d5433ccb0623	legacy_quests	KnightsEnd/Content/KnightsEnd/GameBackend/Systems/QuestSystem/DT_Quests.uasset	72400	narrow	DT_Quests	Rid the Growths	Искорени наросты	
4d95d41e9318	legacy_quests	KnightsEnd/Content/KnightsEnd/GameBackend/Systems/QuestSystem/DT_Quests.uasset	72474	narrow	DT_Quests	Click and Hold Interact on the Red Growths at the FOREST LAKE	Удерживай взаимодействие на красном наросте	
3c68ae700e9b	legacy_quests	KnightsEnd/Content/KnightsEnd/GameBackend/Systems/QuestSystem/DT_Quests.uasset	72594	narrow	DT_Quests	Destroy the RED GROWTHS at the FOREST LAKE	Уничтожь красные наросты у лесного озера	
36ee5dff7b11	legacy_quests	KnightsEnd/Content/KnightsEnd/GameBackend/Systems/QuestSystem/DT_Quests.uasset	72715	narrow	DT_Quests	Return to the Gates	Вернись к воротам	
c329600c2df3	legacy_quests	KnightsEnd/Content/KnightsEnd/GameBackend/Systems/QuestSystem/DT_Quests.uasset	72793	narrow	DT_Quests	Speak to the Villager at the Castle Gates.	Поговори с жителем у ворот	
8cef873a12fa	legacy_quests	KnightsEnd/Content/KnightsEnd/GameBackend/Systems/QuestSystem/DT_Quests.uasset	72896	narrow	DT_Quests	"Was out gazing at the FOREST LAKE. . . So peaceful there during the day . . . But as yee sun started to set, FOUR BIG FLESHY GROWTHS sprouted up from the dark depths of the LAKE!
Yee need to go out the and get ride of em. I don't want em in me view for tomorrows gazing, nore do I care for thee kind . . ."	Смотрел на ЛЕСНОЕ ОЗЕРО, такое мирное днем. Но к закату из темной воды выросли ЧЕТЫРЕ БОЛЬШИХ НАРОСТА ПЛОТИ. Убери их. Не хочу завтра любоваться этой мерзостью.	
72232835c0fc	legacy_quests	KnightsEnd/Content/KnightsEnd/GameBackend/Systems/QuestSystem/DT_Quests.uasset	73295	narrow	DT_Quests	Light Candles Church	Зажги свечи в церкви	
4ee0ea42a7ef	legacy_quests	KnightsEnd/Content/KnightsEnd/GameBackend/Systems/QuestSystem/DT_Quests.uasset	73374	narrow	DT_Quests	Light all Six of the unlit Candles in the Village Church	Зажги шесть погасших свечей в деревенской церкви	
77c19aa9a65d	legacy_quests	KnightsEnd/Content/KnightsEnd/GameBackend/Systems/QuestSystem/DT_Quests.uasset	73489	narrow	DT_Quests	Description of the objective.	Описание цели.	
b66ac75df672	legacy_quests	KnightsEnd/Content/KnightsEnd/GameBackend/Systems/QuestSystem/DT_Quests.uasset	73597	narrow	DT_Quests	Return to the Gates	Вернись к воротам	
79fd1fe6836a	legacy_quests	KnightsEnd/Content/KnightsEnd/GameBackend/Systems/QuestSystem/DT_Quests.uasset	73675	narrow	DT_Quests	Description of the objective.	Описание цели.	
9b8e6c4d1790	legacy_quests	KnightsEnd/Content/KnightsEnd/GameBackend/Systems/QuestSystem/DT_Quests.uasset	73765	narrow	DT_Quests	Yee look like yee in need of some faith . . . Go finish up my prayers at the VILLAGE CHURCH. I was just starting to LIGHT the CANDLES when I heard the righteous bell. Go out there and finish LIGHTING the rest of the CANDLES. Maybe that will bring you peace . . . or maybe bring you some honor . .  although my faith aint strong enough to believe that . . . 	Тебе явно нужна вера. Заверши мои молитвы в ДЕРЕВЕНСКОЙ ЦЕРКВИ. Я начал ЗАЖИГАТЬ СВЕЧИ, но ударил колокол. Зажги остальные. Может, это даст тебе мир... или хоть честь.	
0ab4af91cb71	legacy_quests	KnightsEnd/Content/KnightsEnd/GameBackend/Systems/QuestSystem/DT_Quests.uasset	74215	narrow	DT_Quests	Blow Out Candles Forest Ruins	Погаси свечи в лесных руинах	
7108cb2af108	legacy_quests	KnightsEnd/Content/KnightsEnd/GameBackend/Systems/QuestSystem/DT_Quests.uasset	74303	narrow	DT_Quests	Blow Out All the Candles at the Forest Ruins	Погаси все свечи в лесных руинах	
24e2d5aed2b5	legacy_quests	KnightsEnd/Content/KnightsEnd/GameBackend/Systems/QuestSystem/DT_Quests.uasset	74406	narrow	DT_Quests	Description of the objective.	Описание цели.	
3a512df0eb87	legacy_quests	KnightsEnd/Content/KnightsEnd/GameBackend/Systems/QuestSystem/DT_Quests.uasset	74514	narrow	DT_Quests	Return to the Gates	Вернись к воротам	
131b66d11c4b	legacy_quests	KnightsEnd/Content/KnightsEnd/GameBackend/Systems/QuestSystem/DT_Quests.uasset	74592	narrow	DT_Quests	Description of the objective.	Описание цели.	
b48f8476dcfa	legacy_quests	KnightsEnd/Content/KnightsEnd/GameBackend/Systems/QuestSystem/DT_Quests.uasset	74682	narrow	DT_Quests	"Was out performing me nightly ritual in the FOREST RUINS, I light some CANDLES and I run a jump around and dance till me hears the bell. 
Musta been in a trance for I didnt hear the bell and came rushing back to the gates. But I left all me candles burning! Go out to the FOREST RUINS and BLOW out the CANDLES for me . . . Cant risk wasting the wax."	Проводил ночной обряд в ЛЕСНЫХ РУИНАХ: зажег СВЕЧИ, плясал и прыгал, пока не услышал колокол. Оставил свечи гореть. Иди и ПОГАСИ их, воск жалко.	
1f1486b3c342	legacy_quests	KnightsEnd/Content/KnightsEnd/GameBackend/Systems/QuestSystem/DT_Quests.uasset	75125	narrow	DT_Quests	<QuestName>	Задание	
f088d5fcd0b0	legacy_quests	KnightsEnd/Content/KnightsEnd/GameBackend/Systems/QuestSystem/DT_Quests.uasset	75195	narrow	DT_Quests	Description of the stage.	Описание этапа.	
94dd6e3eeab5	legacy_quests	KnightsEnd/Content/KnightsEnd/GameBackend/Systems/QuestSystem/DT_Quests.uasset	75279	narrow	DT_Quests	Description of the objective.	Описание цели.	
1260e4c2bfbc	legacy_quests	KnightsEnd/Content/KnightsEnd/GameBackend/Systems/QuestSystem/DT_Quests.uasset	75387	narrow	DT_Quests	Description of the stage.	Описание этапа.	
fd145198aa97	legacy_quests	KnightsEnd/Content/KnightsEnd/GameBackend/Systems/QuestSystem/DT_Quests.uasset	75471	narrow	DT_Quests	return gates	Вернись к воротам	
cc11890afe30	legacy_quests	KnightsEnd/Content/KnightsEnd/GameBackend/Systems/QuestSystem/DT_Quests.uasset	75544	narrow	DT_Quests	I have a quest for you!	У меня есть для тебя дело!	
73a655adb177	legacy_quests	KnightsEnd/Content/KnightsEnd/GameBackend/Systems/QuestSystem/DT_Quests.uasset	75652	narrow	DT_Quests	Put Away Books Church	Убери книги в церкви	
1cc7136c3cc7	legacy_quests	KnightsEnd/Content/KnightsEnd/GameBackend/Systems/QuestSystem/DT_Quests.uasset	75732	narrow	DT_Quests	Pick Up Books and Deposit them into the Chest	Собери книги и сложи их в сундук	
1ffe52dd1f0d	legacy_quests	KnightsEnd/Content/KnightsEnd/GameBackend/Systems/QuestSystem/DT_Quests.uasset	75836	narrow	DT_Quests	Description of the objective.	Описание цели.	
1de9e4bb23a4	legacy_quests	KnightsEnd/Content/KnightsEnd/GameBackend/Systems/QuestSystem/DT_Quests.uasset	75942	narrow	DT_Quests	fill the bucket	Наполни ведро	
e1cd5eb0bc59	legacy_quests	KnightsEnd/Content/KnightsEnd/GameBackend/Systems/QuestSystem/DT_Quests.uasset	76036	narrow	DT_Quests	Return to the Gates	Вернись к воротам	
a6c6d20d78a1	legacy_quests	KnightsEnd/Content/KnightsEnd/GameBackend/Systems/QuestSystem/DT_Quests.uasset	76114	narrow	DT_Quests	Description of the objective.	Описание цели.	
6c231ca9fb8a	legacy_quests	KnightsEnd/Content/KnightsEnd/GameBackend/Systems/QuestSystem/DT_Quests.uasset	76204	narrow	DT_Quests	Was leaving the VILLAGE CHURCH after some studying of things greater then thee. I was reading every BOOK I could but when it came dusk. I was too weary to put them away. Head out to the VILLAGE CHURCH and put away ALL the BOOKS. Yee can just toss em into the CHEST. DO not read any of them . . . not that yee can  . . . 	Уходил из ДЕРЕВЕНСКОЙ ЦЕРКВИ после чтения мудрых вещей. Прочел все КНИГИ, но к сумеркам устал убирать. Иди и сложи ВСЕ КНИГИ в СУНДУК. Не читай их... не то чтобы ты умел.	
7bb42d8e4a16	legacy_quests	KnightsEnd/Content/KnightsEnd/GameBackend/Systems/QuestSystem/DT_Quests.uasset	76617	narrow	DT_Quests	Mine Blood Gem Forest	Добудь кровавый самоцвет в лесу	
dbedff7ecdc7	legacy_quests	KnightsEnd/Content/KnightsEnd/GameBackend/Systems/QuestSystem/DT_Quests.uasset	76697	narrow	DT_Quests	Mine an Blood Gem from a Blood Cyrstal deep in the Forest past the Forest Ruins	Добудь кровавый самоцвет за лесными руинами	
b2adf920c908	legacy_quests	KnightsEnd/Content/KnightsEnd/GameBackend/Systems/QuestSystem/DT_Quests.uasset	76835	narrow	DT_Quests	Description of the objective.	Описание цели.	
08d2c0f3e823	legacy_quests	KnightsEnd/Content/KnightsEnd/GameBackend/Systems/QuestSystem/DT_Quests.uasset	76942	narrow	DT_Quests	Return the Blood Gem to the Gates	Верни кровавый самоцвет к воротам	
03088e52855b	legacy_quests	KnightsEnd/Content/KnightsEnd/GameBackend/Systems/QuestSystem/DT_Quests.uasset	77034	narrow	DT_Quests	Return to the Gates	Вернись к воротам	
af6868ba037a	legacy_quests	KnightsEnd/Content/KnightsEnd/GameBackend/Systems/QuestSystem/DT_Quests.uasset	77114	narrow	DT_Quests	"Would yee rather side with a nation too hot or too cold . . . ?
Shame yee have no say either way . . . as it should be . . . 
The KING wants BLOOD CRYSTALS from the FOREST RUINS.
He is paying handsomely, I will give yee a small cut of the honor.
Go out to the FOREST RUINS and MINE the RED CRYSTALS . . .                                                                                  
Bring me back one so I may bring honor to my name . . ."	За какую страну ты бы встал: слишком жаркую или слишком холодную? Жаль, что тебя не спрашивают. Королю нужны КРОВАВЫЕ КРИСТАЛЛЫ из ЛЕСНЫХ РУИН. Добудь КРАСНЫЙ КРИСТАЛЛ и принеси мне.	
31047c4de9e3	legacy_quests	KnightsEnd/Content/KnightsEnd/GameBackend/Systems/QuestSystem/DT_Quests.uasset	77654	narrow	DT_Quests	Break Death Totems	Разбей тотемы смерти	
312666732999	legacy_quests	KnightsEnd/Content/KnightsEnd/GameBackend/Systems/QuestSystem/DT_Quests.uasset	77731	narrow	DT_Quests	Destroy all Six Death Totems around the Forest Ruins	Уничтожь шесть тотемов смерти у лесных руин	
56e27583b503	legacy_quests	KnightsEnd/Content/KnightsEnd/GameBackend/Systems/QuestSystem/DT_Quests.uasset	77842	narrow	DT_Quests	Description of the objective.	Описание цели.	
d597126b9389	legacy_quests	KnightsEnd/Content/KnightsEnd/GameBackend/Systems/QuestSystem/DT_Quests.uasset	77950	narrow	DT_Quests	Return to the Gates	Вернись к воротам	
aefb0a6b0245	legacy_quests	KnightsEnd/Content/KnightsEnd/GameBackend/Systems/QuestSystem/DT_Quests.uasset	78028	narrow	DT_Quests	Description of the objective.	Описание цели.	
ce256b0fb2ab	legacy_quests	KnightsEnd/Content/KnightsEnd/GameBackend/Systems/QuestSystem/DT_Quests.uasset	78118	narrow	DT_Quests	"Somehow Thirty Six Villagers have gone missing, no one's seen them . . .
Anyway, unrelated to that, TOTEMS have been erected in the FOREST!
Deep in the RUINS! Out by the LAKE. That place used to be so lovely.                        
Somehow all the bad happenings in this Kingdom is yee fault . . .                                        
They are ugly as yee and yee must break them DOWN all FIVE."	Пропали тридцать шесть жителей. Совсем не связано, но в ЛЕСНЫХ РУИНАХ у ОЗЕРА появились ТОТЕМЫ. Все беды королевства, как обычно, твоя вина. Они уродливы, как ты. Сломай все ПЯТЬ.	
bf509d9e64d4	legacy_quests	KnightsEnd/Content/KnightsEnd/GameBackend/Systems/QuestSystem/DT_Quests.uasset	78613	narrow	DT_Quests	Break Cultist Totems	Разбей тотемы культистов	
fef13d47379d	legacy_quests	KnightsEnd/Content/KnightsEnd/GameBackend/Systems/QuestSystem/DT_Quests.uasset	78692	narrow	DT_Quests	Destroy all Five Death Totems around the Farm	Уничтожь пять тотемов смерти у фермы	
e03ba957757c	legacy_quests	KnightsEnd/Content/KnightsEnd/GameBackend/Systems/QuestSystem/DT_Quests.uasset	78796	narrow	DT_Quests	Description of the objective.	Описание цели.	
482b0818f069	legacy_quests	KnightsEnd/Content/KnightsEnd/GameBackend/Systems/QuestSystem/DT_Quests.uasset	78904	narrow	DT_Quests	Return to the Gates	Вернись к воротам	
6b493582f29d	legacy_quests	KnightsEnd/Content/KnightsEnd/GameBackend/Systems/QuestSystem/DT_Quests.uasset	78982	narrow	DT_Quests	Description of the objective.	Описание цели.	
014d03b6819c	legacy_quests	KnightsEnd/Content/KnightsEnd/GameBackend/Systems/QuestSystem/DT_Quests.uasset	79072	utf16	DT_Quests	"They say it is possible for fools to grow old. To me yee look just that. 
Old and foolish. Ugly too. That’s why yee is perfect for this task. 
Dangerous TOTEMS litter the FARM. Five of them I count! 
Give 'em a smack and let us be rid of them. Hurry now!                                                                   
If only we could be rid of yee so easily . . ."	Говорят, дураки тоже стареют. Ты как раз такой: старый, глупый и уродливый. На ФЕРМЕ стоят опасные ТОТЕМЫ, я насчитал пять. Разбей их. Если бы от тебя избавиться было так же легко.	
71d3a4dd39a5	legacy_quests	KnightsEnd/Content/KnightsEnd/GameBackend/Systems/QuestSystem/DT_Quests.uasset	79910	narrow	DT_Quests	Break Cultist Totems	Разбей тотемы культистов	
59cbfbd94614	legacy_quests	KnightsEnd/Content/KnightsEnd/GameBackend/Systems/QuestSystem/DT_Quests.uasset	79989	narrow	DT_Quests	Destroy all Four Death Totems around the Forest Pond	Уничтожь четыре тотема смерти у лесного пруда	
9a5ae4b45d7c	legacy_quests	KnightsEnd/Content/KnightsEnd/GameBackend/Systems/QuestSystem/DT_Quests.uasset	80100	narrow	DT_Quests	Description of the objective.	Описание цели.	
c2fef29e7016	legacy_quests	KnightsEnd/Content/KnightsEnd/GameBackend/Systems/QuestSystem/DT_Quests.uasset	80208	narrow	DT_Quests	Return to the Gates	Вернись к воротам	
1d92ceff0bb4	legacy_quests	KnightsEnd/Content/KnightsEnd/GameBackend/Systems/QuestSystem/DT_Quests.uasset	80286	narrow	DT_Quests	Description of the objective.	Описание цели.	
b6f2c576c2f6	legacy_quests	KnightsEnd/Content/KnightsEnd/GameBackend/Systems/QuestSystem/DT_Quests.uasset	80376	narrow	DT_Quests	"Stop your jest, I am your son . . .                                          
Wait yee not be me dad.                                   
Anyway, unrelated to that, TOTEMS have been erected in the FOREST!
Right by the POND! That place used to be me favorite to read smut . . .
Now it be ruined. Go BREAK all FOUR of them, then come tell me.                                                       
As much as I loathe speaking with yee again . . ."	Хватит шутить, я твой сын... Стоп, ты не мой отец. В общем, у ЛЕСНОГО ПРУДА появились ТОТЕМЫ. Там я любил читать непотребства, а теперь все испорчено. Разбей все ЧЕТЫРЕ и возвращайся.	
14534d394599	legacy_quests	KnightsEnd/Content/KnightsEnd/GameBackend/Systems/QuestSystem/DT_Quests.uasset	80918	narrow	DT_Quests	Break Cultist Totems	Разбей тотемы культистов	
b6c942dc73ff	legacy_quests	KnightsEnd/Content/KnightsEnd/GameBackend/Systems/QuestSystem/DT_Quests.uasset	80997	narrow	DT_Quests	Destroy all Five Death Totems around the Village	Уничтожь пять тотемов смерти в деревне	
3478940c5762	legacy_quests	KnightsEnd/Content/KnightsEnd/GameBackend/Systems/QuestSystem/DT_Quests.uasset	81104	narrow	DT_Quests	Description of the objective.	Описание цели.	
1da2c11c59c0	legacy_quests	KnightsEnd/Content/KnightsEnd/GameBackend/Systems/QuestSystem/DT_Quests.uasset	81212	narrow	DT_Quests	Return to the Gates	Вернись к воротам	
2e3eb9473518	legacy_quests	KnightsEnd/Content/KnightsEnd/GameBackend/Systems/QuestSystem/DT_Quests.uasset	81290	narrow	DT_Quests	Description of the objective.	Описание цели.	
1129de0f4fba	legacy_quests	KnightsEnd/Content/KnightsEnd/GameBackend/Systems/QuestSystem/DT_Quests.uasset	81380	narrow	DT_Quests	"A bunch of children have disappeared. Now these TOTEMS have risen.
All around the VILLAGE. BREAK em down, they are a slight to the king.
Just as yee are . . . a stain on the Kings pants . . . nothing more . . .
We used to be a nation of honor and respect . . . now look at yee . . .
 . . . Even talking to yee makes me sick . . . "	Куча детей исчезла, а теперь по ДЕРЕВНЕ поднялись ТОТЕМЫ. Разбей их, они оскорбляют короля. Как и ты. Когда-то мы были народом чести, а теперь я вынужден говорить с тобой.	
10388a350b37	legacy_quests	KnightsEnd/Content/KnightsEnd/GameBackend/Systems/QuestSystem/DT_Quests.uasset	81807	narrow	DT_Quests	Fetch Me Sword	Принеси мой меч	
5a090cfd6756	legacy_quests	KnightsEnd/Content/KnightsEnd/GameBackend/Systems/QuestSystem/DT_Quests.uasset	81880	narrow	DT_Quests	Fetch the Mace from the Blacksmiths in the Village	Найди булаву у деревенского кузнеца	
2f9965bd98b1	legacy_quests	KnightsEnd/Content/KnightsEnd/GameBackend/Systems/QuestSystem/DT_Quests.uasset	81989	narrow	DT_Quests	Fetch test sword	Найди меч	
f1319def3f95	legacy_quests	KnightsEnd/Content/KnightsEnd/GameBackend/Systems/QuestSystem/DT_Quests.uasset	82083	narrow	DT_Quests	Return the Mace to the Gates	Верни булаву к воротам	
aa1b159b9029	legacy_quests	KnightsEnd/Content/KnightsEnd/GameBackend/Systems/QuestSystem/DT_Quests.uasset	82170	narrow	DT_Quests	Description of the objective.	Описание цели.	
c80704454e2d	legacy_quests	KnightsEnd/Content/KnightsEnd/GameBackend/Systems/QuestSystem/DT_Quests.uasset	82260	narrow	DT_Quests	"Me son lost me MACE at the VILLAGE BLACKSMITH. Embarrassing. 
He might be considered for the night watch himself in time. 
He left it behind and I dare not go out there at night. So here yee be. 
If you wear that armor for more than show, go and make it right.
Bring me my MACE back. Yee ugly sod. "	Мой сын потерял мою БУЛАВУ у ДЕРЕВЕНСКОГО КУЗНЕЦА. Стыд. Может, и его однажды отправят в ночной дозор. Я наружу ночью не пойду. Если доспехи на тебе не для вида, верни БУЛАВУ.	
037ac166c6b7	legacy_quests	KnightsEnd/Content/KnightsEnd/GameBackend/Systems/QuestSystem/DT_Quests.uasset	82655	narrow	DT_Quests	Fetch Meat Butcher	Забери мясо у мясника	
7f2a4a00b7cd	legacy_quests	KnightsEnd/Content/KnightsEnd/GameBackend/Systems/QuestSystem/DT_Quests.uasset	82732	narrow	DT_Quests	Fetch a piece of Meat from the Village Butcher	Принеси кусок мяса из деревенской бойни	
78b7836b010d	legacy_quests	KnightsEnd/Content/KnightsEnd/GameBackend/Systems/QuestSystem/DT_Quests.uasset	82837	narrow	DT_Quests	Description of the objective.	Описание цели.	
c4edf3772bb7	legacy_quests	KnightsEnd/Content/KnightsEnd/GameBackend/Systems/QuestSystem/DT_Quests.uasset	82944	narrow	DT_Quests	Return the Meat to the Gates	Верни мясо к воротам	
25743ae60370	legacy_quests	KnightsEnd/Content/KnightsEnd/GameBackend/Systems/QuestSystem/DT_Quests.uasset	83031	narrow	DT_Quests	Description of the objective.	Описание цели.	
0cb5c4faef85	legacy_quests	KnightsEnd/Content/KnightsEnd/GameBackend/Systems/QuestSystem/DT_Quests.uasset	83121	narrow	DT_Quests	"Yee have a proclivity for Kraken. I have a need for MEAT . . .         
The BUTCHER hordes all the MEAT in the VILLAGE . . .               
Yee must break in and STEAL me a piece of MEAT.               
Bring it back to me, and I will nibble it down in the night.            
Tell none of this . . . I will make it worth yee while . . . "	У тебя тяга к чудищам, а мне нужно МЯСО. МЯСНИК в ДЕРЕВНЕ прячет лучшее. Проберись и укради кусок МЯСА. Верни его мне, и я отблагодарю. Никому ни слова.	
56b4a5d4d885	legacy_quests	KnightsEnd/Content/KnightsEnd/GameBackend/Systems/QuestSystem/DT_Quests.uasset	83555	narrow	DT_Quests	Fill Fish Bucket	Наполни ведро рыбой	
34be59d40a05	legacy_quests	KnightsEnd/Content/KnightsEnd/GameBackend/Systems/QuestSystem/DT_Quests.uasset	83630	narrow	DT_Quests	Catch Fish from the Village Pond and Deposit them in the Bucket on the Bridge	Поймай рыбу в деревенском пруду и сложи в ведро на мосту	
139aabb02033	legacy_quests	KnightsEnd/Content/KnightsEnd/GameBackend/Systems/QuestSystem/DT_Quests.uasset	83766	narrow	DT_Quests	Description of the objective.	Описание цели.	
0b8da5fdc30f	legacy_quests	KnightsEnd/Content/KnightsEnd/GameBackend/Systems/QuestSystem/DT_Quests.uasset	83872	narrow	DT_Quests	fill the bucket	Наполни ведро	
85ded1406a32	legacy_quests	KnightsEnd/Content/KnightsEnd/GameBackend/Systems/QuestSystem/DT_Quests.uasset	83966	narrow	DT_Quests	Return to the Gates	Вернись к воротам	
c3251291363b	legacy_quests	KnightsEnd/Content/KnightsEnd/GameBackend/Systems/QuestSystem/DT_Quests.uasset	84044	narrow	DT_Quests	Description of the objective.	Описание цели.	
ec520a88b696	legacy_quests	KnightsEnd/Content/KnightsEnd/GameBackend/Systems/QuestSystem/DT_Quests.uasset	84134	narrow	DT_Quests	"I have had no luck fishing this day . . .
I need me BUCKET fillled with FOUR FISH to impress the others . . .
I left the BUCKET on the BRIDGE across the VILLAGE POND . . . 
Put FISH in there until it is full, then come tell me. 
Do not bring more shame upon yeeself, soft man"	Рыбалка не задалась. Нужно ВЕДРО с ЧЕТЫРЬМЯ РЫБАМИ, чтобы впечатлить прочих. Оставил ведро на МОСТУ через ДЕРЕВЕНСКИЙ ПРУД. Наполни его и скажи мне.	
f003bc547934	legacy_quests	KnightsEnd/Content/KnightsEnd/GameBackend/Systems/QuestSystem/DT_Quests.uasset	84506	narrow	DT_Quests	Fill Fish Bucket	Наполни ведро рыбой	
a7bed0d7d6d5	legacy_quests	KnightsEnd/Content/KnightsEnd/GameBackend/Systems/QuestSystem/DT_Quests.uasset	84581	narrow	DT_Quests	Catch Fish from the Forest Pond and Deposit them in the Bucket on the Dock	Поймай рыбу в лесном пруду и сложи в ведро у причала	
63d7d3498807	legacy_quests	KnightsEnd/Content/KnightsEnd/GameBackend/Systems/QuestSystem/DT_Quests.uasset	84714	narrow	DT_Quests	Description of the objective.	Описание цели.	
9e39d177fde5	legacy_quests	KnightsEnd/Content/KnightsEnd/GameBackend/Systems/QuestSystem/DT_Quests.uasset	84820	narrow	DT_Quests	fill the bucket	Наполни ведро	
ca7fd0920f79	legacy_quests	KnightsEnd/Content/KnightsEnd/GameBackend/Systems/QuestSystem/DT_Quests.uasset	84914	narrow	DT_Quests	Return to the Gates	Вернись к воротам	
c869106b3d55	legacy_quests	KnightsEnd/Content/KnightsEnd/GameBackend/Systems/QuestSystem/DT_Quests.uasset	84992	narrow	DT_Quests	Description of the objective.	Описание цели.	
d8ed7e9436d1	legacy_quests	KnightsEnd/Content/KnightsEnd/GameBackend/Systems/QuestSystem/DT_Quests.uasset	85082	narrow	DT_Quests	"I have had no luck fishing this day . . .
I need me BUCKET fillled with FOUR FISH to impress the others . . .
I left the BUCKET on the DOCK in the FOREST POND . . . 
Put FISH in there until it is full, then come tell me. 
Do not bring more shame upon yeeself, soft man"	Рыбалка не задалась. Нужно ВЕДРО с ЧЕТЫРЬМЯ РЫБАМИ, чтобы впечатлить прочих. Оставил ведро на ПРИЧАЛЕ у ЛЕСНОГО ПРУДА. Наполни его и скажи мне.	
8c1063d175ec	legacy_quests	KnightsEnd/Content/KnightsEnd/GameBackend/Systems/QuestSystem/DT_Quests.uasset	85447	narrow	DT_Quests	Fetch Carrot Farm	Найди морковь на ферме	
1ac99daff858	legacy_quests	KnightsEnd/Content/KnightsEnd/GameBackend/Systems/QuestSystem/DT_Quests.uasset	85523	narrow	DT_Quests	Fetch the Carrot growing in Garden at the Farm	Сорви морковь в фермерском огороде	
e633b67ab06d	legacy_quests	KnightsEnd/Content/KnightsEnd/GameBackend/Systems/QuestSystem/DT_Quests.uasset	85628	narrow	DT_Quests	Description of the objective.	Описание цели.	
e758d1cc39bc	legacy_quests	KnightsEnd/Content/KnightsEnd/GameBackend/Systems/QuestSystem/DT_Quests.uasset	85735	narrow	DT_Quests	Return the Carrot the the Gates	Верни морковь к воротам	
bb3af9b7823a	legacy_quests	KnightsEnd/Content/KnightsEnd/GameBackend/Systems/QuestSystem/DT_Quests.uasset	85825	narrow	DT_Quests	Description of the objective.	Описание цели.	
97cf77484ce4	legacy_quests	KnightsEnd/Content/KnightsEnd/GameBackend/Systems/QuestSystem/DT_Quests.uasset	85915	narrow	DT_Quests	"The others had spoken of a new knight. Last one was scrawny and weak. 
Yee be worse that I have seen cast out into the night. 
Retrieve me a CARROT from Garden at yee FARM. All yee have to do is pull it right from the earth. 
Sounds Like hard work dont it . . .
Me CARROT soup cannot be kept waiting."	Говорили о новом рыцаре. Предыдущий был тощий и слабый, но ты хуже. Принеси мне МОРКОВЬ из огорода на ФЕРМЕ. Просто выдерни из земли. Суп не будет ждать.	
fc250cffc605	legacy_quests	KnightsEnd/Content/KnightsEnd/GameBackend/Systems/QuestSystem/DT_Quests.uasset	86312	narrow	DT_Quests	Fetch Cabbage Farm	Найди капусту на ферме	
2553b4381181	legacy_quests	KnightsEnd/Content/KnightsEnd/GameBackend/Systems/QuestSystem/DT_Quests.uasset	86389	narrow	DT_Quests	Fetch the Cabbage growing in Garden at the Farm	Сорви капусту в фермерском огороде	
feb91304ffd7	legacy_quests	KnightsEnd/Content/KnightsEnd/GameBackend/Systems/QuestSystem/DT_Quests.uasset	86495	narrow	DT_Quests	Description of the objective.	Описание цели.	
38909dbfe9be	legacy_quests	KnightsEnd/Content/KnightsEnd/GameBackend/Systems/QuestSystem/DT_Quests.uasset	86602	narrow	DT_Quests	Return the Cabbage to the Gates	Верни капусту к воротам	
45b986ba6516	legacy_quests	KnightsEnd/Content/KnightsEnd/GameBackend/Systems/QuestSystem/DT_Quests.uasset	86692	narrow	DT_Quests	Description of the objective.	Описание цели.	
18245abcc161	legacy_quests	KnightsEnd/Content/KnightsEnd/GameBackend/Systems/QuestSystem/DT_Quests.uasset	86782	utf16	DT_Quests	"The others told me you were dishonored because of your laziness. That’s a shame.
The task I have for thee is hard work.
Was at yee FARM grabbin ingredients for a stew but came too hastily when I heard the bell and forgot to pick me a CABBAGE.
Go and pick me a CABBAGE from Garden the FARM, and quickly!"	Слышал, тебя опозорили за лень. Жаль. Дело у меня трудное: на ФЕРМЕ я собирал овощи для похлебки, но колокол погнал меня прочь. Забыл КАПУСТУ. Сорви ее в огороде и быстро.	
40974a7b33cb	legacy_quests	KnightsEnd/Content/KnightsEnd/GameBackend/Systems/QuestSystem/DT_Quests.uasset	87486	narrow	DT_Quests	<QuestName>	Задание	
cca95ae894d0	legacy_quests	KnightsEnd/Content/KnightsEnd/GameBackend/Systems/QuestSystem/DT_Quests.uasset	87556	narrow	DT_Quests	Description of the stage.	Описание этапа.	
7bf3f371dddd	legacy_quests	KnightsEnd/Content/KnightsEnd/GameBackend/Systems/QuestSystem/DT_Quests.uasset	87640	narrow	DT_Quests	Description of the objective.	Описание цели.	
8797c2e3959f	legacy_quests	KnightsEnd/Content/KnightsEnd/GameBackend/Systems/QuestSystem/DT_Quests.uasset	87747	narrow	DT_Quests	Return the Meat to the Gates	Верни мясо к воротам	
3f0c495c36a5	legacy_quests	KnightsEnd/Content/KnightsEnd/GameBackend/Systems/QuestSystem/DT_Quests.uasset	87834	narrow	DT_Quests	Description of the objective.	Описание цели.	
90c88858f161	legacy_quests	KnightsEnd/Content/KnightsEnd/GameBackend/Systems/QuestSystem/DT_Quests.uasset	87924	narrow	DT_Quests	Let me prized meat order at the villager butch. Had em put a litle something special in the recipe. Ive got the hunger only . . . certain meats can satisfy	Оставил заказ мяса у деревенского мясника. Велел добавить кое-что особое. У меня голод, который утолит только определенное мясо.	
1ca89bc5f042	legacy_quests	KnightsEnd/Content/KnightsEnd/GameBackend/Systems/QuestSystem/DT_Quests.uasset	88172	narrow	DT_Quests	Harvest Vegetables	Собери овощи	
4835a3884ea7	legacy_quests	KnightsEnd/Content/KnightsEnd/GameBackend/Systems/QuestSystem/DT_Quests.uasset	88249	narrow	DT_Quests	Deposit the Veggies into the Crates	Сложи овощи в ящики	
78276af1e77d	legacy_quests	KnightsEnd/Content/KnightsEnd/GameBackend/Systems/QuestSystem/DT_Quests.uasset	88343	narrow	DT_Quests	Description of the objective.	Описание цели.	
686bfda99b0e	legacy_quests	KnightsEnd/Content/KnightsEnd/GameBackend/Systems/QuestSystem/DT_Quests.uasset	88449	narrow	DT_Quests	Description of the objective.	Описание цели.	
258b51b2a805	legacy_quests	KnightsEnd/Content/KnightsEnd/GameBackend/Systems/QuestSystem/DT_Quests.uasset	88554	narrow	DT_Quests	Description of the objective.	Описание цели.	
cd9476cf4e79	legacy_quests	KnightsEnd/Content/KnightsEnd/GameBackend/Systems/QuestSystem/DT_Quests.uasset	88663	narrow	DT_Quests	Description of the objective.	Описание цели.	
dbe23e8c5023	legacy_quests	KnightsEnd/Content/KnightsEnd/GameBackend/Systems/QuestSystem/DT_Quests.uasset	88771	narrow	DT_Quests	Description of the stage.	Описание этапа.	
4b8a4e55d7e1	legacy_quests	KnightsEnd/Content/KnightsEnd/GameBackend/Systems/QuestSystem/DT_Quests.uasset	88855	narrow	DT_Quests	Description of the objective.	Описание цели.	
717113914d6b	legacy_quests	KnightsEnd/Content/KnightsEnd/GameBackend/Systems/QuestSystem/DT_Quests.uasset	88945	narrow	DT_Quests	I have a quest for you!	У меня есть для тебя дело!	
235895a150a7	legacy_quests	KnightsEnd/Content/KnightsEnd/GameBackend/Systems/QuestSystem/DT_Quests.uasset	89049	narrow	DT_Quests	Fetch Me Sword	Принеси мой меч	
5b48ac6eced9	legacy_quests	KnightsEnd/Content/KnightsEnd/GameBackend/Systems/QuestSystem/DT_Quests.uasset	89122	narrow	DT_Quests	Fetch the Sword from Outfront the Castle Gates. Dont stray to far its close.	Найди меч снаружи у замковых ворот. Не уходи далеко.	
475677624ee3	legacy_quests	KnightsEnd/Content/KnightsEnd/GameBackend/Systems/QuestSystem/DT_Quests.uasset	89257	narrow	DT_Quests	Fetch test sword	Найди меч	
851f578e48bc	legacy_quests	KnightsEnd/Content/KnightsEnd/GameBackend/Systems/QuestSystem/DT_Quests.uasset	89351	narrow	DT_Quests	Return the Sword to the Gates	Верни меч к воротам	
59e1e64713a0	legacy_quests	KnightsEnd/Content/KnightsEnd/GameBackend/Systems/QuestSystem/DT_Quests.uasset	89439	narrow	DT_Quests	Description of the objective.	Описание цели.	
bea61fe15324	legacy_quests	KnightsEnd/Content/KnightsEnd/GameBackend/Systems/QuestSystem/DT_Quests.uasset	89529	narrow	DT_Quests	"HA! A new Knight to the watch!     
Was swinging me sword outside the CASTLE WALLS. Then WOW, there was blood all over me SWORD. I threw it in a panic and couldnt find it . . .             
Go Out there and find me SWORD and bring it me me here at these Gates. Should be just off yee path, couldnt have to too far.                                                                            
Yee still be here?! No wonder yee be disgraced HA!"	"Ха! Новый рыцарь в дозоре!
Размахивал мечом снаружи
у замковых стен. И тут -
кровь на всем клинке.
С перепугу швырнул его
и потерял...

Выйди, найди мой меч
и верни его к воротам.
Он где-то у тропы.

Ты все еще тут? Вот почему
ты опозорен!"	
86c5282f9db9	legacy_notes	KnightsEnd/Content/KnightsEnd/GameBackend/Systems/Notes/DT_Notes.uasset	75	narrow	DT_Notes	A torn page from a Knights log	Страница из рыцарского журнала	
bcd46fb28a14	legacy_notes	KnightsEnd/Content/KnightsEnd/GameBackend/Systems/Notes/DT_Notes.uasset	114	utf16	DT_Notes	"That tall one . . . Gods, I cannot stomach the sight of it. All bent and dangling. Last time I crossed its path, I thought my end had come. I tripped over a heap of old boxes. Sent the whole stack crashing loud. Thought for sure it’d turn and run me down. But . . . nothing. It didn’t even flinch. Just stood there, swaying. Maybe I was lucky. Maybe it can’t hear me. If I survive this horrible night. I shall give it a name. I shall call it. ""The Dangler"""	Тот высокий... Боги, смотреть на него тошно. Весь согнутый, будто висит на нитях. Я думал, мне конец: споткнулся о ящики, поднял грохот. Но он не дрогнул. Может, не слышит. Если переживу ночь, назову его Висельцем.	
cf8649703a8b	legacy_notes	KnightsEnd/Content/KnightsEnd/GameBackend/Systems/Notes/DT_Notes.uasset	1093	narrow	DT_Notes	A torn page from a Knights log	Страница из рыцарского журнала	
f8f2fd70c3bc	legacy_notes	KnightsEnd/Content/KnightsEnd/GameBackend/Systems/Notes/DT_Notes.uasset	1132	utf16	DT_Notes	Dusk fell swift as a raven’s wing upon our village. I’d finished gathering mugs discarded by rowdy patrons when I heard a few hurried footfalls from outside the inn. I opened the door, and by the saints, I saw a thing! Like a man, but twisted and crawlin’ on the ground. It had more legs than a horse, movin’ quicker than a shadow. It snatched me up and ran toward the dark. A brave fellow, a knight, struck the beast with his blade. It staggered, dropped me, and I scurried away. Blessed be his courage! It were a terrible sight, I tell you, a foul creature from the depths	Сумерки пали на деревню, как крыло ворона. Я собирал кружки у таверны, когда снаружи раздались торопливые шаги. Открыл дверь и увидел тварь: будто человек, но скрюченный, ползущий на многих ногах. Она схватила меня и понесла во тьму. Рыцарь ударил ее клинком, и она выпустила меня. Хвала его храбрости.	
733d37c498bf	legacy_notes	KnightsEnd/Content/KnightsEnd/GameBackend/Systems/Notes/DT_Notes.uasset	2347	narrow	DT_Notes	Unknown Hand	Неизвестная рука	
04d66d781794	legacy_notes	KnightsEnd/Content/KnightsEnd/GameBackend/Systems/Notes/DT_Notes.uasset	2368	utf16	DT_Notes	I ain’t much keen to lift a finger this day. Best the knights finish what I left. I tried, but I saw somethin’ foul.A man, split clean down the middle, standin’ like naught was strange. Only there were just a great gaping mouth.It only comes when I’m clatterin’ about, droppin’ tools, knockin’ crates. I always stay quiet when it comes round. But it always seems to hear me, had to throw me grog to get away... I daren’t speak of it to the king, lest they say I’ve gone mad. But somethin’s out there, I swear it. 	Не хочу сегодня и пальцем шевелить. Пусть рыцари доделают. Я пытался, но видел мерзость: человек, рассеченный пополам, а посреди - пасть. Он приходит на шум: ящики, инструменты, кружки. Я всегда молчу, когда он рядом. Один раз кинул кружку, чтобы сбежать. Королю не скажу: решат, что я спятил.	
522a5fc49ff3	legacy_notes	KnightsEnd/Content/KnightsEnd/GameBackend/Systems/Notes/DT_Notes.uasset	3427	utf16	DT_Notes	The statues still weep.I used to think it naught but rain leakin’ through the roof, but now I watch their faces when no soul’s near. The Father’s sermons grow quieter each day, as if he dares not speak too loud for fear of wakin’ somethin’. A squire swore he saw one stir, just the faintest shift o’ stone as though it drew breath. He fixed his gaze upon it, starin’ long into the night, but it never moved again. Yet when he quit the village and headed out for the deep forest, He told me he oft heard ’em whisperin’, and in the end, he could bear it no more.	Статуи все еще плачут. Думал, крыша течет, но теперь вижу их лица, когда рядом нет души. Отец говорит все тише, будто боится разбудить что-то. Один оруженосец клялся, что статуя чуть сдвинулась, словно вдохнула. Потом ушел в лес и твердил, что слышит их шепот.	
1e033cd2ded9	legacy_notes	KnightsEnd/Content/KnightsEnd/GameBackend/Systems/Notes/DT_Notes.uasset	4614	narrow	DT_Notes	A torn page from a Knights log	Страница из рыцарского журнала	
082cd11f4d81	legacy_notes	KnightsEnd/Content/KnightsEnd/GameBackend/Systems/Notes/DT_Notes.uasset	4653	narrow	DT_Notes	Just last night, I ventured out and felt an unsettling feeling, the way the air itself felt . . . heavy. I took a walk, mind you, seeking out the cause of this restless stirring. There was a prickling on the back of my neck, a sense of being watched. Then I saw him. A fellow dressed in cloth most peculiar, unlike anything worn by our simple folk. He attempted a strike upon me with a small dagger before he fled, startled, vanished for the moment. I pursued him, of course, wanting to see what drove a man to such frantic flight. 	Прошлой ночью я вышел и почувствовал, как воздух стал тяжелым. Будто за мной следят. Потом увидел его: человек в странной одежде, не из наших мест. Он бросился с малым ножом, но испугался и исчез. Я погнался, желая понять, что им движет.	
bb30f03cbef6	legacy_notes	KnightsEnd/Content/KnightsEnd/GameBackend/Systems/Notes/DT_Notes.uasset	5190	utf16	DT_Notes	But I’ll tell you true, I wouldn't have lingered long. 'Tis a fool’s errand, chasing shadows and whispers. I doubt I'll ever know who he was, or what drove him. Likely just a madman, or worse. Best to forget this whole business, I say. There's little sense in stirring up trouble.	Но скажу честно: долго бы я там не задержался. Гнаться за тенями и шепотом - дело дурное. Не узнаю, кто он был: безумец или что похуже. Лучше забыть, пока беда не проснулась.	
91f6993233e8	legacy_notes	KnightsEnd/Content/KnightsEnd/GameBackend/Systems/Notes/DT_Notes.uasset	5817	narrow	DT_Notes	A torn page from a Knights log	Страница из рыцарского журнала	
aa368c9e9637	legacy_notes	KnightsEnd/Content/KnightsEnd/GameBackend/Systems/Notes/DT_Notes.uasset	5856	narrow	DT_Notes	It doesn't matter the size of our company of knights. Despair besets us on all sides. The night erodes the sanity of my brothers and I. All knights sent on missions of toil. We have survived this long. But alas! A few have perished to these these savage creatures. The terror was so great, it sent some of our troop to madness. Others perished at the hands of these creatures. We had to abandon them.We may not have the chance now to reclaim our honor	Сколько бы нас ни было, отчаяние давит со всех сторон. Ночь точит рассудок братьев. Нас гонят на грязные задания, а твари пожирают тех, кто слабее. Некоторых ужас свел с ума, иных он просто разорвал. Честь, похоже, уже не вернуть.	
b259de6fc312	legacy_notes	KnightsEnd/Content/KnightsEnd/GameBackend/Systems/Notes/DT_Notes.uasset	6373	narrow	DT_Notes	Dear Knight	Дорогой рыцарь	
55b13f08fd11	legacy_notes	KnightsEnd/Content/KnightsEnd/GameBackend/Systems/Notes/DT_Notes.uasset	6393	utf16	DT_Notes	I beg yer pardon, m’lord, for askin’ such a foul thing, but I’ve no other road left to take. I mean no slight to yer station, for you are the noblest among us. Still, I must let the rot fester here a while longer, so I might learn what brings it on.If it please ye, speak to the king of this matter, though I know I ask far too much. The King must want to know of my findings, of how we can stop this plague.	Прости, милорд, за такую просьбу. Иного пути нет. Я оставлю гниль здесь еще на время, чтобы понять, откуда она берется. Если будет воля, скажи королю о моих находках. Он должен знать, как остановить эту чуму.	
8cb76b5b3048	legacy_notes	KnightsEnd/Content/KnightsEnd/GameBackend/Systems/Notes/DT_Notes.uasset	7287	utf16	DT_Notes	"Guard duty again, and it feels as though I’ve been shackled to it for a lifetime. 'Tis the worst task in all the castle, with naught but filth and muck for company. The peasants call for aid in all manner of ways, but ‘tis the strange night that I dislike most. I scarce believe I survived my last sentencing. Most poor souls serve this wretched duty ‘til their last breath. I will regain my honor . . . 

Me first tasks leads me to the the village blacksmith"	"I

Снова караул. Будто цепь
на шее с рождения.
Худшая служба в замке:
грязь, смрад и крики
мужиков за воротами.
Но эта ночь хуже всех.
Я верну честь...

Первое дело - к кузнецу
в деревне."	
76d9a2a22ff0	legacy_notes	KnightsEnd/Content/KnightsEnd/GameBackend/Systems/Notes/DT_Notes.uasset	8272	narrow	DT_Notes	II	II	
a9f293dfa9ec	legacy_notes	KnightsEnd/Content/KnightsEnd/GameBackend/Systems/Notes/DT_Notes.uasset	8283	utf16	DT_Notes	"They’ve been sendin’ more us knights to the night watch these days. More than I can rightly count. Used to know their faces, I did, but now it’s just boys, barely grown, with arms like twigs and eyes full o’ fear. Weren’t always like this. These days, it don’t take much to be called unfit. These poor lads can scarce lift their steel. A cruel fate befell the last boy on our watch . . . The things that try to get into our walls are foul. I best keep me head down.

I'll head to the farm in the morn"	"II

В ночной дозор теперь шлют все больше рыцарей. Я уже не помню лиц: мальчишки, едва выросшие, руки как ветки, глаза полны страха. Раньше так не было. Теперь достаточно малого позора, чтобы оказаться здесь. Завтра пойду к ферме."	
6938aadf458b	legacy_notes	KnightsEnd/Content/KnightsEnd/GameBackend/Systems/Notes/DT_Notes.uasset	9354	narrow	DT_Notes	III	III	
574e39023312	legacy_notes	KnightsEnd/Content/KnightsEnd/GameBackend/Systems/Notes/DT_Notes.uasset	9366	utf16	DT_Notes	"There been a foul rumor spreading like a corruption on these lands. One of the most honored knights, the king’s own near enough, has been disgraced. He must have been put on another watch as I never saw him, it's strange indeed. Poor bastard, none have ever seen a knight of such high standing disgraced like this before. He was said to have frequented the village apothecary before all this . . . I musn't speak of it more. I must get back into the castle

I'll be headed to the VILLAGE MINES next."	"III

По землям ходит мерзкий слух: один из самых почтенных рыцарей, почти любимец короля, был опозорен. Его тоже, должно быть, отправили в дозор. Говорят, он часто бывал у деревенского аптекаря. Больше писать нельзя. Завтра к деревенским шахтам."	
8f0fc5516bb1	legacy_notes	KnightsEnd/Content/KnightsEnd/GameBackend/Systems/Notes/DT_Notes.uasset	10435	narrow	DT_Notes	IV	IV	
e475889ad9f7	legacy_notes	KnightsEnd/Content/KnightsEnd/GameBackend/Systems/Notes/DT_Notes.uasset	10446	utf16	DT_Notes	"I pen these words as a man no longer worthy of the title I once bore. My honor is gone, stripped from me as easily as the sword from my side. The KING says, ""Dishonor doesn’t warrant such protection,"" as if a knight, disgraced though he may be, no longer has the right to defend himself. I know not how long I shall endure this miserable fate as these lands fester with the rot of flesh. Should death come for me, it will not be by the clash of steel but by the slow, crushing weight of disgrace. We must now earn what we should be owed. I smell the desperation of the king from down here. He needs every last piece of honor we have left . . .

I’ll visit the tower overlooking the Village tomorrow. Get me head together"	"IV

Пишу как человек, недостойный прежнего звания. Честь сняли с меня, как меч с пояса. Король сказал: ""Позор не заслуживает защиты"". Теперь мы покупаем то, что нам должны были дать. Я чую отчаяние короля даже отсюда. Завтра поднимусь к башне над деревней."	
14c894330491	legacy_notes	KnightsEnd/Content/KnightsEnd/GameBackend/Systems/Notes/DT_Notes.uasset	11896	narrow	DT_Notes	. . . You have a feeling something will be waiting for you in your room . . . 		skip: source bytes mismatch
ad4b502f2972	legacy_notes	KnightsEnd/Content/KnightsEnd/GameBackend/Systems/Notes/DT_Notes.uasset	12051	narrow	DT_Notes	"The tasks they burden me with grow fouler by the day, each more degrading than the last. The peasants, in their arrogance, now dare to threaten me. claiming they will speak to the king himself of my supposed failings. Do they not understand why we are sent here? I grow weary of their games and my patience thins. First the King made honor a currency, now I barely see the sun because of this watch. Even the disgraced have their limits. The green goo is the only thing that brings me peace. Still my watch endures,

I head to the forest pond next . . . Gods help me"	Задания становятся все грязнее. Крестьяне уже смеют грозить, что пожалуются королю. Они не понимают, зачем нас держат здесь. Король сделал честь монетой, а нас - ночными псами. Зеленая жижа одна дает покой. Дальше - лесной пруд. Боги, помогите.	
ec7530ccb5ba	legacy_notes	KnightsEnd/Content/KnightsEnd/GameBackend/Systems/Notes/DT_Notes.uasset	12685	narrow	DT_Notes	VI	VI	
8d5031c71df9	legacy_notes	KnightsEnd/Content/KnightsEnd/GameBackend/Systems/Notes/DT_Notes.uasset	12696	narrow	DT_Notes	"Dearest Brother, The state of the castle grows grimmer with each passing day. Many of our noble knights go to the walls and do not return . . . Little more is known about it, although at night, the villagers are herded inside. Even as new recruits come, they are too few, and we lose men faster than we gain them. In their desperation, they have even made peasants into knights, peasants, brother! Our strength dwindles, and I fear that soon, the castle will be left without any knights to defend. 

At least they put you on duty by our old village, those ruins are all thats left. Go see it one last time for the both of us . . ."	Дражайший брат, замок мрачнеет. Рыцари уходят к стенам и не возвращаются. Новобранцев мало, а потери быстры. В отчаянии они делают рыцарей даже из крестьян. Хоть тебя поставили возле нашей старой деревни. Посмотри на руины за нас обоих.	
b391034834a5	legacy_notes	KnightsEnd/Content/KnightsEnd/GameBackend/Systems/Notes/DT_Notes.uasset	13394	narrow	DT_Notes	VII	VII	
286e3ee06d06	legacy_notes	KnightsEnd/Content/KnightsEnd/GameBackend/Systems/Notes/DT_Notes.uasset	13406	narrow	DT_Notes	"My service nears its ends. My honor nearly regained: They say I will be led back into the castle walls. And there I will confront the king. I'm promised a summons to see him. As the longest knight in this watch I will finally know peace. Then may I start to repent for these sins . . . Maybe I can start to make things right again . . .

I just wish I could see my old village in its full glory one last time . . . before it was corrupted . . . I don't recognize this place anymore . . . It is time to say goodbye . . . Tis for the best, I can't bring myself to go closer . . . Not when I'm almost back to the castle"	"VII

Служба близится к концу. Честь почти возвращена: говорят, меня пустят за стены, и я предстану перед королем. Тогда, может, искуплю грехи. Хочу лишь увидеть старую деревню во всей красе... до гнили. Но не подойду. Уже почти дома."	
83f5772dc135	legacy_notes	KnightsEnd/Content/KnightsEnd/GameBackend/Systems/Notes/DT_Notes.uasset	14090	narrow	DT_Notes	VIII	VIII	
f2bb49954d10	legacy_notes	KnightsEnd/Content/KnightsEnd/GameBackend/Systems/Notes/DT_Notes.uasset	14103	utf16	DT_Notes	They lied. The king will never let us back inside. Said it’s “the infection.” Said we’d bring it with us. I did everything for them, bled, starved, froze and now I’m to rot out here like a stray dog. No more. I won’t die on this cursed watch. I’ll run. Beyond the woods, past the rot. There must be a place 	"VIII

Они лгали. Король никогда не пустит нас обратно. Сказали: ""зараза"". Будто мы принесем ее с собой. Я кровоточил, мерз и голодал ради них, а теперь должен гнить снаружи, как пес. Нет. Я уйду за лес, дальше плоти. Там должно быть место."	
03ad564fc351	legacy_notes	KnightsEnd/Content/KnightsEnd/GameBackend/Systems/Notes/DT_Notes.uasset	14784	narrow	DT_Notes	IX	IX	
4bcc5843ea4d	legacy_notes	KnightsEnd/Content/KnightsEnd/GameBackend/Systems/Notes/DT_Notes.uasset	14795	utf16	DT_Notes	If you’ve read the others, you see it now. The disgrace, the vanishings, the rot that crawls over every stone, it is not chance. Nor curse. Nor god. It is will. It is his will. The Flesh feasts on the cycle. The watch feeds the flesh. The King keeps the cycle. And still we kneel . . . Don't say a word to anyone. Not even yor fellow knights. You will lose more than you gain. 	"IX

Если ты читал прошлые записи, то понял: позор, исчезновения и гниль не случайны. Не проклятие. Не бог. Это воля. Его воля. Плоть питается кругом, дозор кормит плоть, король хранит круг. Молчи об этом. Даже братьям-рыцарям."	
bd1a894dd459	legacy_notes	KnightsEnd/Content/KnightsEnd/GameBackend/Systems/Notes/DT_Notes.uasset	15582	narrow	DT_Notes	How did you get up here???	Как ты сюда забрался???	
8af7582a7c34	legacy_notes	KnightsEnd/Content/KnightsEnd/GameBackend/Systems/Notes/DT_Notes.uasset	15674	narrow	DT_Notes	Apothecary Basics	Основы аптекаря	
3784e69ad43a	legacy_notes	KnightsEnd/Content/KnightsEnd/GameBackend/Systems/Notes/DT_Notes.uasset	15700	narrow	DT_Notes	Some parts of the flesh I can talk to . . . they seem to have some intellegence and can communicate to some level. Indepenedent from the other rot, these are rare	С некоторыми частями плоти можно говорить. В них есть разум, и они способны отвечать. Они редки и будто отделены от прочей гнили.	
80f3bffc9e32	legacy_notes	KnightsEnd/Content/KnightsEnd/GameBackend/Systems/Notes/DT_Notes.uasset	15928	narrow	DT_Notes	PERMANENTLY CLOSED	ЗАКРЫТО НАВСЕГДА	
ca0efedb5f96	legacy_notes	KnightsEnd/Content/KnightsEnd/GameBackend/Systems/Notes/DT_Notes.uasset	15955	narrow	DT_Notes	Guards keep getting stabbed . . . 	Стражников все режут и режут...	
bb9069234467	legacy_notes	KnightsEnd/Content/KnightsEnd/GameBackend/Systems/Notes/DT_Notes.uasset	16055	narrow	DT_Notes	You flip to find a journal entry . . .	Ты находишь запись в журнале...	
39ec18245019	legacy_notes	KnightsEnd/Content/KnightsEnd/GameBackend/Systems/Notes/DT_Notes.uasset	16102	narrow	DT_Notes	Goods arrive less often these days, and not all that is delivered is as it seems. Some wagons bring flour, meat, or wood, yet a few return half-empty, their cargo . . . changed. Folk whisper of soft lumps in the sacks, of shapes that shift when no one looks. No man speaks it aloud. Now, wagons come rarely, if at all. What has become of the lands beyond, none can say.Travelers from other kingdoms are rarer still, and when they do arrive, their eyes are wide and hollow. They tell of roads overgrown with flesh, of villages abandoned, and of fields that breathe. Some merchants still trade, but I find myself counting outside honor less eagerly. Yet, life continues. Children play in the square. The King demand tribute. Knights march, some of them young and honorless, sent to the walls. The kingdom endures, and the flesh grows around it.	Товары приходят все реже, и не все прибывает прежним. Телеги везут муку, мясо, дерево, а возвращаются полупустыми, с чем-то мягким в мешках. Дороги зарастают плотью, деревни пустеют, поля будто дышат. Королевство еще держится, но плоть растет вокруг него.	
1d36c86bf216	legacy_notes	KnightsEnd/Content/KnightsEnd/GameBackend/Systems/Notes/DT_Notes.uasset	17010	narrow	DT_Notes	Apothecary Notes	Записки аптекаря	
2ea868083622	legacy_notes	KnightsEnd/Content/KnightsEnd/GameBackend/Systems/Notes/DT_Notes.uasset	17035	utf16	DT_Notes	The rot don’t listen, nor care for word or prayer. ’Tis no beast I know, nor man neither. It just grows.I’ve watched it long, and I think I’ve seen a pattern. When blood’s spilt, it slows some. Beast or man, all the same to it. Flesh for flesh, mayhap. I cannot prove it sure, but it encroaches towards us.What is the most plentiful flesh in this land? The peasants of the castle, aye. Folk whisper that the lords are making knights of them now. Not true knights, but honorless men in steel, given sword and oath, then sent to the walls.Only to buy us time . . . Truth or tale, I will meddle not more, lest I draw the King’s gaze even more than I have.	Гниль не слушает ни слов, ни молитв. Это не зверь и не человек: она просто растет. Я заметил: кровь замедляет ее. Плоть за плоть, быть может. Крестьян здесь больше всего, и лорды делают из них рыцарей - не истинных, а бесчестных людей в стали, чтобы купить нам время. Я больше не стану вмешиваться.	
900513252923	legacy_notes	KnightsEnd/Content/KnightsEnd/GameBackend/Systems/Notes/DT_Notes.uasset	18372	narrow	DT_Notes	Welp . . . I done set this post right through me ladder. 'Bout time for me gettin' a new profession . . .	"Ну вот... прибил столб прямо к лестнице.
Видать, пора искать новое ремесло..."	
c6f074fdf85d	legacy_notes	KnightsEnd/Content/KnightsEnd/GameBackend/Systems/Notes/DT_Notes.uasset	18543	narrow	DT_Notes	A Brief History of Nothing pt. 1	Краткая история ничего, ч. 1	
5aeec376108b	legacy_notes	KnightsEnd/Content/KnightsEnd/GameBackend/Systems/Notes/DT_Notes.uasset	18584	narrow	DT_Notes	In the beginning, kingdoms rose, walls climbed, and honor was the measure of all men. But with time came the rot. An unearthly growth that crept upon the land like a living plague. None know from whence it came, some say witchcraft, others claim it was divine, but non could agreed. The Great War was fought over it, kingdoms burning as men hurled their lives into battle. When the war ended, each kingdom sealed itself away, cutting all ties, leaving only silence and doubt. Now, none recall how many years have passed, hundreds, thousands, or more and most records lie erased by flame, famine, and the flesh itself. Isolation is all we know. Some claim the endless casualties of the Great War gave the flesh its strength, that the fields of dead swelled its growth. Others call this folly, yet none deny that in those years the land was heaped with more blood and bone than ever before, and the flesh spread wider than any had seen.	В начале росли королевства, стены и честь. Потом пришла гниль: живая язва земли. Кто-то звал ее ведьмовством, кто-то карой богов. Великая война жгла страны, а после каждое королевство заперлось в себе. Летописи сгорели, память стерлась. Мы знаем лишь изоляцию и плоть за стенами.	
835d03f232e7	legacy_notes	KnightsEnd/Content/KnightsEnd/GameBackend/Systems/Notes/DT_Notes.uasset	19584	narrow	DT_Notes	A Brief History of Nothing Pt.2	Краткая история ничего, ч. 2	
a05054c2a7ea	legacy_notes	KnightsEnd/Content/KnightsEnd/GameBackend/Systems/Notes/DT_Notes.uasset	19624	utf16	DT_Notes	A plague, a corruption of sorts, has spread across the land and begun to grow upon the earth. With this ever-growing plague there is new life springing up, glowing mushrooms, blue fireflies, and trees that stretch higher and thicker than any before. Yet almost nothing that springs from the corruption is benign. New mutations, anomalies, giant tentacles, creatures that look like men, yet move and think as something else entirely, stalk the lands.It is not confined to the fields or forests. Rivers pulse with strange growths, and mountains swell as if the land itself were breathing. Animals are twisted, some born half-flesh. Villages that once thrived are now ghostly shells, their wells choked. Occasionally, travelers speak of . . . shapes in the soil, as if the land itself moves, and eyes that vanish when looked at directly. Whether these are tricks of fear or the corruption’s will, none can say.	Чума расползлась по земле и дала новую жизнь: светящиеся грибы, синих светляков, деревья выше прежних. Но почти все, что рождено гнилью, враждебно. Реки пульсируют, звери искривлены, деревни стали пустыми оболочками. Порой люди видят глаза в почве. Страх это или воля гнили - никто не знает.	
334bb87bdecc	legacy_notes	KnightsEnd/Content/KnightsEnd/GameBackend/Systems/Notes/DT_Notes.uasset	21471	narrow	DT_Notes	I will see how much goo I can stand this nightI will beat my record of five, no matter how bad my head hurts . . .                      	Проверю, сколько жижи выдержу этой ночью. Побью свой рекорд в пять, даже если голова расколется...	
ac7bd6fdc951	legacy_notes	KnightsEnd/Content/KnightsEnd/GameBackend/Systems/Notes/DT_Notes.uasset	21673	narrow	DT_Notes	You Will Need To hide 	Тебе придется прятаться	
34be80a6697d	legacy_notes	KnightsEnd/Content/KnightsEnd/GameBackend/Systems/Notes/DT_Notes.uasset	21704	narrow	DT_Notes	Some things can hear you, some things can see you, some know you on a deep personal level. Find out what works best for each one.	Одни твари слышат, другие видят, третьи знают тебя слишком глубоко. Выясни, что действует на каждую.	
f00ee563186c	legacy_notes	KnightsEnd/Content/KnightsEnd/GameBackend/Systems/Notes/DT_Notes.uasset	21899	narrow	DT_Notes	Yee Olde Retired	Списки старых	
d58c5e217cd0	legacy_notes	KnightsEnd/Content/KnightsEnd/GameBackend/Systems/Notes/DT_Notes.uasset	21924	narrow	DT_Notes	"*Seems to be alot of badly written names in this book. Knights who came before you*

                                      Nights of Duty
Rodgery Bubbleguts -                     V
Charleston Mcgaffey -                   V
Ignious Rorkshire -                        III
Bradley Pillsworth -                       I
Thadius Chadmichealson -              XII
Ingleton Pinkerton -                      IV
Cletus Fondlebane -                       II
Elric Tuggins -                              V
Chom Nomski -                              III
Digith Burtholmes -                      VIII
Munchimus Maximus -                    VII
Sir Roggathan Dornelius III -           VII"	"*В книге криво записаны
имена прежних рыцарей*

                  Ночей службы
Виктус Брюхов -        V
Дарис Макгаф -        V
Димир Рорк -          III
Васил Пиллс -          I
Дмитр Хмурец -       XII
Дарьян Пинк -         IV
Васько Фондл -        II
Виктор Тугг -         V
Дим Номский -         III
Дарис Бурт -          VIII
Василим Максим -      VII
Сэр Викторн III -      VII"	
c524670362da	legacy_notes	KnightsEnd/Content/KnightsEnd/GameBackend/Systems/Notes/DT_Notes.uasset	22677	narrow	DT_Notes	Experimental Health Potion	Опытное зелье	
d85fdfd58f60	legacy_notes	KnightsEnd/Content/KnightsEnd/GameBackend/Systems/Notes/DT_Notes.uasset	22712	narrow	DT_Notes	"Red - Health Potions
Yellow - Stamina Potions

Red Health Potions are limited due to the missing herbalist from his apothicary.
If ye want more, ye will be payin.

Yee Yellow Stamina Potions are best drinken while your stamina is low . . . So best use it at the right moment.

The black and Green liquid is the best we could do. Should give you some Health. Most of the time . . .

Still tweaking the mixture, but still has some suprising results.

But if yeE thirsty, yeE be thirsty. Don't loose yeE head about it . . ."	"Красное - для ран.
Желтое - для сил.

Красных мало:
травник сгинул.
Нужно больше - плати.

Желтое пей,
когда силы на исходе.

Черно-зеленая жижа
тоже лечит. Иногда.

Смесь еще живет…"	
5df52e35b94f	legacy_notes	KnightsEnd/Content/KnightsEnd/GameBackend/Systems/Notes/DT_Notes.uasset	23310	narrow	DT_Notes	Yee Olde Rules	Старые законы	
da0b49162e98	legacy_notes	KnightsEnd/Content/KnightsEnd/GameBackend/Systems/Notes/DT_Notes.uasset	23333	narrow	DT_Notes	"I. Gain honor by completeing quests each day

II. Use honor to buy items from merchant

III. Each death loses 100 honor

IV. If Knights are left outside the gates when sleeping, thy are presumed DEAD and will loose 100 honor

V. If you reach zero honor and fail the quest you will fail

VI. If all deaths result in zero honor you will fail
"	"I. Честь дают за
задания каждую ночь

II. Честь трать
у торговца

III. Смерть отнимает
100 чести

IV. Заснешь за
воротами - потеря
100 чести

V. Ноль чести и
провал - гибель

VI. Все смерти сведут
честь к нулю - гибель
"	
8ac657c2faba	legacy_notes	KnightsEnd/Content/KnightsEnd/GameBackend/Systems/Notes/DT_Notes.uasset	23689	narrow	DT_Notes	"Tips For New Knights . . .

Things can hear you. Things can see you. Some can only do one. They can hear you run. They can see your lantern light. 

Be vigilant be smart.

Items dropped on death will stay in the world for a few days.

If you die a new knight will replace you."	"Советы новым рыцарям...

Твари могут слышать. Твари могут видеть. Некоторые умеют лишь одно. Они слышат бег и видят свет фонаря.

Будь бдителен.

Брошенные после смерти вещи остаются в мире несколько дней.

Если умрешь, тебя заменит новый рыцарь."	
e9a04e9f4807	legacy_notes	KnightsEnd/Content/KnightsEnd/GameBackend/Systems/Notes/DT_Notes.uasset	24039	narrow	DT_Notes	Tips For New Knights	Советы новым рыцарям	
2cc200feb6f4	legacy_notes	KnightsEnd/Content/KnightsEnd/GameBackend/Systems/Notes/DT_Notes.uasset	24068	narrow	DT_Notes	"Things can hear you. Things can see you. Some can only do one. They can hear you run. They can see your lantern light. 

Be vigilant be smart.

Items dropped on death will stay in the world for a few days.

If you die a new knight will replace you.

Sprinting will alert those who can hear. Lantern light can be seen by those with eyes."	"Твари могут слышать. Твари могут видеть. Некоторые умеют лишь одно. Они слышат бег и видят свет фонаря.

Будь бдителен.

Вещи после смерти остаются на земле несколько дней.

Если умрешь, тебя заменит новый рыцарь.

Бег тревожит тех, кто слышит. Фонарь виден тем, у кого есть глаза."	
68a910b9b8e2	legacy_notes	KnightsEnd/Content/KnightsEnd/GameBackend/Systems/Notes/DT_Notes.uasset	24444	utf16	DT_Notes	The red caps, they ain’t right. I think they speak to one another, not in words, but in some manner of sign or stir. Only one way, far as I can tell. And, well, ye’ll call me mad sure enough. But ever since they’ve grown thicker, the walk to my fishin’ hole feels shorter, as if the ground itself bends kindly for me.	Красные шляпки неправильные. Думаю, они говорят друг с другом не словами, а знаками и шевелением. С тех пор как их стало больше, путь к моей рыбацкой яме будто стал короче, словно сама земля услужливо гнется под ногами.	
c2a42929debd	legacy_notes	KnightsEnd/Content/KnightsEnd/GameBackend/Systems/Notes/DT_Notes.uasset	25111	narrow	DT_Notes	"If yee be hungry, cook some food on the fire for more health!

First, Place the raw Fish or Drumstick on the rack and let it sizzle
Then, Wait till you see a poof of smoke
Finally, Enjoy that meal . . .

Also, don't eat the burnt ones. Those are bad for yee health . . ."	"Голоден? Готовь у огня:
сытость лечит.

Сырую рыбу или окорок
клади на решетку.
Дождись дыма.
Ешь, пока теплое...

Горелое не ешь.
Живот за это мстит."	
bc9a5818ab19	legacy_notes	KnightsEnd/Content/KnightsEnd/GameBackend/Systems/Notes/DT_Notes.uasset	25453	narrow	DT_Notes	Compendium	Бестиарий	
375c1e3495f5	legacy_notes	KnightsEnd/Content/KnightsEnd/GameBackend/Systems/Notes/DT_Notes.uasset	25472	narrow	DT_Notes	"*Many knights have begun compiling their knowledge within these pages, a growing record meant to aid any who dare endure the night.*

Followers

A hooded figure has been sulking around outside the gates at night. While they are easy to startle and run away, they have a proclivity to stab any who get too close. They seem to love stabbing in the back.
Many Knights claim they are easy to slay while other Knights claim it to be difficult. 
Keep an ear out for heavy breathing in the shadows. . . You may be getting followed.
Chasing them seems to only anger them further. Best keep your distance if poorly armed.
"	"*Здесь рыцари собирают
знания, чтобы пережить
ночь.*

Последователи

Фигура в капюшоне
бродит у ворот.
Ее легко спугнуть,
но вблизи она бьет
ножом, чаще в спину.

Слушай тяжелое дыхание
в тенях. Если идут
за тобой - не гонись.
Держи дистанцию.
"	
e8e0ad6d7c3b	legacy_notes	KnightsEnd/Content/KnightsEnd/GameBackend/Systems/Notes/DT_Notes.uasset	26098	narrow	DT_Notes	"Angel 

A solitaire slab of stone carved into the shape of a noble. 
Knights claim that they can move in the nights . . .
Other claim to hear whispering from them. None Stare too long.
There is still much to be learned . . .
Some Knights have claimed they spawn when you hold a small statue, this is only a rumor right now.

""Lost a good Knight tonight. . . It seemed the longer he stared the faster it became. . . I called out to make a quick dash to the gates. . . I thought he would make it. . ."""	"Ангел

Каменная плита, иссеченная
под знатного. Говорят,
ночью она движется.
Иные слышат шепот.
Не гляди долго.

Есть слух: малая статуя
зовет их из камня.

""Рыцарь погиб. Чем дольше
он смотрел, тем быстрее
тварь становилась. Крикнул
ему бежать к воротам..."""	
14692fbaf660	legacy_notes	KnightsEnd/Content/KnightsEnd/GameBackend/Systems/Notes/DT_Notes.uasset	26610	narrow	DT_Notes	"Meatman

Many Knights have grown accustomed to calling it the Meatman. A many legged crawling abomination.
This creature will try and grab and steal any Knight unfortunate enough to cross its path. Pulling them away from any other brothers. It does not ask for consent.
Some Knights have claimed that hitting this monster while carrying someone will force it to drop said person. If you get grabbed it will drop your lantern making your path back to safety even more treacherous.
Its appearance is unsightly, but some Knights have claimed it can be slain . . . "	"Мясник

Многие рыцари привыкли звать его Мясником. Ползучая многоногая мерзость.
Эта тварь хватает и утаскивает всякого рыцаря, которому не повезло оказаться на ее пути, отрывая его от братьев по страже. Согласия она не спрашивает.
Рыцари утверждают: если ударить чудовище, пока оно несет добычу, оно отпустит несчастного. Если схватит тебя, фонарь выпадет, и путь назад к свету станет еще опаснее.
Вид его мерзок, но некоторые рыцари клянутся, что его можно убить..."	
10b7931714b2	legacy_notes	KnightsEnd/Content/KnightsEnd/GameBackend/Systems/Notes/DT_Notes.uasset	27181	narrow	DT_Notes	"Hollowman 

This creature is taller than most . . . A tall split man.
A swift and fearsome foe, many knights run in fear, but the rustling alerts the beast. 
Some have written about this beast in notes found on the farm.
Knights have claimed to have slain it, but at great cost . . .
Some Knights claim it is blind, but can hear all the better.
If you hear it's moaning you must stay silent . . ."	"Полый

Эта тварь выше большинства... высокий рассеченный человек.
Быстрый и страшный враг: многие рыцари бегут от него, но шорох только выдает их зверю.
О нем писали в записках, найденных на ферме.
Рыцари клялись, что убивали его, но страшной ценой...
Одни говорят, что он слеп, зато слышит куда лучше.
Если услышишь его стон, замри и молчи..."	
e9268c1d2d0b	legacy_notes	KnightsEnd/Content/KnightsEnd/GameBackend/Systems/Notes/DT_Notes.uasset	27589	narrow	DT_Notes	"Meatmaw

A Giant flesh abomination drags intself across the ground using many legs. Not fast at first but once its head pops free it will become terrifyingly fast. Can't take turns very well, but its neck seems to rotate indepent from its body. Its known to swollow Knights whole . . . Armor and all."	"Мясопасть

Огромная плотская мерзость
тащит себя на многих ногах.
Сперва медленна, но когда
голова вырвется наружу,
стает ужасающе быстрой.
Поворачивает плохо,
зато шея крутится как чужая.
Глотает рыцарей целиком,
с доспехами и молитвами."	
3cc55b31b84d	legacy_notes	KnightsEnd/Content/KnightsEnd/GameBackend/Systems/Notes/DT_Notes.uasset	27896	narrow	DT_Notes	"The Dangler

Few reports of this abomination. Most Knights to encounter it can only tell the tale of booming footsteps heard from far away . . . The others, a broken pile of bones and scrap metal . . .
One claimed thy got a glimpse of the  abomination. Saw what looked like a man dangling from a towering horror . . .  But thy not dare get any closer."	"Виселец

О твари пишут мало.
Кто встретил ее и выжил,
помнит грохот шагов
издалека. Остальные -
куча костей и железа.

Один рыцарь видел вдали
человека, свисающего
с башнеобразного ужаса.
Ближе он не пошел."	
f5df29fa7bb6	legacy_ui_original	KnightsEnd/Content/KnightsEnd/GameBackend/Systems/UserInterfaceSystem/BC_Dialog.uasset	1262	narrow	BC_Dialog_C	"((Interface=""/Script/Engine.BlueprintGeneratedClass'/Game/KnightsEnd/GameBackend/Systems/BPI_GameStateEvents.BPI_GameStateEvents_C'""))"		
0e3a3460bf64	legacy_ui_original	KnightsEnd/Content/KnightsEnd/GameBackend/Systems/UserInterfaceSystem/S_NPCNames.uasset	291	narrow	S_NPCNames	David Dangleberries	Викторис Данглбер	
1fef8a73ed02	legacy_ui_original	KnightsEnd/Content/KnightsEnd/GameBackend/Systems/UserInterfaceSystem/S_NPCNames.uasset	362	narrow	S_NPCNames	A. Poth E. Carry	Дарис Потекар	
1c2e9b31f76c	legacy_ui_original	KnightsEnd/Content/KnightsEnd/GameBackend/Systems/UserInterfaceSystem/S_NPCNames.uasset	430	narrow	S_NPCNames	Yuri Diculous	Дмитрис Диковат	
14d8fe1f2b76	legacy_ui_original	KnightsEnd/Content/KnightsEnd/GameBackend/Systems/UserInterfaceSystem/S_NPCNames.uasset	495	narrow	S_NPCNames	Finnian Fondleme	Васкар Фондлем	
dbf38dd1df58	legacy_ui_original	KnightsEnd/Content/KnightsEnd/GameBackend/Systems/UserInterfaceSystem/S_NPCNames.uasset	563	narrow	S_NPCNames	Hamlin Porktussler	Вихтор Хрясник	
ef64aef5615b	legacy_ui_original	KnightsEnd/Content/KnightsEnd/GameBackend/Systems/UserInterfaceSystem/S_NPCNames.uasset	633	narrow	S_NPCNames	Bertram Bingus	Дарий Бингус	
ef7f985afb31	legacy_ui_original	KnightsEnd/Content/KnightsEnd/GameBackend/Systems/UserInterfaceSystem/S_NPCNames.uasset	699	narrow	S_NPCNames	Diggory Helmsworth	Димитр Хельмсворт	
860b3eab6835	legacy_ui_original	KnightsEnd/Content/KnightsEnd/GameBackend/Systems/UserInterfaceSystem/S_NPCNames.uasset	769	narrow	S_NPCNames	Ulric Longdong	Василис Долгий	
08a28b0b5db8	legacy_ui_original	KnightsEnd/Content/KnightsEnd/GameBackend/Systems/UserInterfaceSystem/S_NPCNames.uasset	835	narrow	S_NPCNames	Hugh Mayon	Виктар Мейон	
bca6149772a0	legacy_ui_original	KnightsEnd/Content/KnightsEnd/GameBackend/Systems/UserInterfaceSystem/S_NPCNames.uasset	897	narrow	S_NPCNames	Dustman Palmrubber	Дарис Пыльнолад	
64588f05a8fc	legacy_ui_original	KnightsEnd/Content/KnightsEnd/GameBackend/Systems/UserInterfaceSystem/S_NPCNames.uasset	967	narrow	S_NPCNames	Tomson Ethansworth	Дмитрок Этанов	
eede582bf025	legacy_ui_original	KnightsEnd/Content/KnightsEnd/GameBackend/Systems/UserInterfaceSystem/S_NPCNames.uasset	1037	narrow	S_NPCNames	Greralt Clobbergiver	Васко Дуболом	
f238a823e4fc	legacy_ui_original	KnightsEnd/Content/KnightsEnd/GameBackend/Systems/UserInterfaceSystem/S_NPCNames.uasset	1109	narrow	S_NPCNames	Allman Angierson	Виткор Злобин	
8edc75991efe	legacy_ui_original	KnightsEnd/Content/KnightsEnd/GameBackend/Systems/UserInterfaceSystem/S_NPCNames.uasset	1177	narrow	S_NPCNames	Kelcwin Pintsmasher	Дарка Кружколом	
9ce9b2e65009	legacy_ui_original	KnightsEnd/Content/KnightsEnd/GameBackend/Systems/UserInterfaceSystem/S_NPCNames.uasset	1248	narrow	S_NPCNames	Ignious Rockshire	Митрий Камнеград	
f0cd316915b7	legacy_ui_original	KnightsEnd/Content/KnightsEnd/GameBackend/Systems/UserInterfaceSystem/S_NPCNames.uasset	1317	narrow	S_NPCNames	Parma Sean	Василей Парман	
421259b7796e	legacy_ui_original	KnightsEnd/Content/KnightsEnd/GameBackend/Systems/UserInterfaceSystem/S_NPCNames.uasset	1379	narrow	S_NPCNames	Phil LeTankard	Виктус Танкарь	
086b4132d844	legacy_ui_original	KnightsEnd/Content/KnightsEnd/GameBackend/Systems/UserInterfaceSystem/S_NPCNames.uasset	1445	narrow	S_NPCNames	Sal Monella	Дарена Монелла	
87a830bc90e9	legacy_ui_original	KnightsEnd/Content/KnightsEnd/GameBackend/Systems/UserInterfaceSystem/S_NPCNames.uasset	1508	narrow	S_NPCNames	Haydem Bales	Димор Бейлс	
6a33e226bcc6	legacy_ui_original	KnightsEnd/Content/KnightsEnd/GameBackend/Systems/UserInterfaceSystem/S_NPCNames.uasset	1572	narrow	S_NPCNames	Will Barrow	Васир Курган	
3e5c3958c77a	legacy_ui_original	KnightsEnd/Content/KnightsEnd/GameBackend/Systems/UserInterfaceSystem/S_NPCNames.uasset	1635	narrow	S_NPCNames	Noah Count	Вихтор Счетный	
c471e79c9127	legacy_ui_original	KnightsEnd/Content/KnightsEnd/GameBackend/Systems/UserInterfaceSystem/S_NPCNames.uasset	1697	narrow	S_NPCNames	Willy Tugman	Дарис Тягун	
6ba99e963013	legacy_ui_original	KnightsEnd/Content/KnightsEnd/GameBackend/Systems/UserInterfaceSystem/S_NPCNames.uasset	1761	narrow	S_NPCNames	Sum Donkus	Дмитрис Донкус	
5aafcf6e9178	legacy_ui_original	KnightsEnd/Content/KnightsEnd/GameBackend/Systems/UserInterfaceSystem/S_NPCNames.uasset	1823	narrow	S_NPCNames	Richard Dickinson	Васкар Диксон	
abcb99538b76	legacy_ui_original	KnightsEnd/Content/KnightsEnd/GameBackend/Systems/UserInterfaceSystem/S_NPCNames.uasset	1892	narrow	S_NPCNames	"Thagnus ""The Benevolent"""	Викторис Благостный	
38a19ee5c16d	legacy_ui_original	KnightsEnd/Content/KnightsEnd/GameBackend/Systems/UserInterfaceSystem/S_NPCNames.uasset	1968	narrow	S_NPCNames	"William ""The Wolf"" Gapesmith"	Дарис Волчий Зев	
c1301df5ad49	legacy_ui_original	KnightsEnd/Content/KnightsEnd/GameBackend/Systems/UserInterfaceSystem/S_NPCNames.uasset	2048	narrow	S_NPCNames	Leo Neightuss	Димитр Нейтус	
cb7c11cc6285	legacy_ui_original	KnightsEnd/Content/KnightsEnd/GameBackend/Systems/UserInterfaceSystem/S_NPCNames.uasset	2113	narrow	S_NPCNames	Richard Dickson	Василис Диксон	
d060b5daaae6	legacy_ui_original	KnightsEnd/Content/KnightsEnd/GameBackend/Systems/UserInterfaceSystem/S_NPCNames.uasset	2180	narrow	S_NPCNames	Hugh G. Dong	Виктар Донг	
200b6422e151	legacy_ui_original	KnightsEnd/Content/KnightsEnd/GameBackend/Systems/UserInterfaceSystem/S_NPCNames.uasset	2244	narrow	S_NPCNames	Al Amony	Дарий Амон	
7899fe1c8bde	legacy_ui_original	KnightsEnd/Content/KnightsEnd/GameBackend/Systems/UserInterfaceSystem/S_NPCNames.uasset	2304	narrow	S_NPCNames	Gruk	Дмитрок Грук	
185205cc7bd9	legacy_ui_original	KnightsEnd/Content/KnightsEnd/GameBackend/Systems/UserInterfaceSystem/S_NPCNames.uasset	2360	narrow	S_NPCNames	Bonk Balbonski III	Васко Балбонский III	
664d262244c1	legacy_ui_original	KnightsEnd/Content/KnightsEnd/GameBackend/Systems/UserInterfaceSystem/S_NPCNames.uasset	2430	narrow	S_NPCNames	Immabee Bonkers	Вихтор Бонкер	
0ee249005fdf	legacy_ui_original	KnightsEnd/Content/KnightsEnd/GameBackend/Systems/UserInterfaceSystem/S_NPCNames.uasset	2497	narrow	S_NPCNames	Yousef Ishprick	Дарис Ишприк	
a306cfec14e0	legacy_ui_original	KnightsEnd/Content/KnightsEnd/GameBackend/Systems/UserInterfaceSystem/S_NPCNames.uasset	2564	narrow	S_NPCNames	Baldy Cottonhill	Димор Хлопогор	
41e7953a3194	legacy_ui_original	KnightsEnd/Content/KnightsEnd/GameBackend/Systems/UserInterfaceSystem/S_NPCNames.uasset	2632	narrow	S_NPCNames	Hakan Lube	Васир Любень	
2591b588ff70	legacy_ui_original	KnightsEnd/Content/KnightsEnd/GameBackend/Systems/UserInterfaceSystem/S_NPCNames.uasset	2694	narrow	S_NPCNames	William Quakenbush	Виктус Квакенкуст	
e9cfad45cb26	legacy_ui_original	KnightsEnd/Content/KnightsEnd/GameBackend/Systems/UserInterfaceSystem/S_NPCNames.uasset	2764	narrow	S_NPCNames	Dit Clapper	Дарка Хлопун	
70df7a69a78a	legacy_ui_original	KnightsEnd/Content/KnightsEnd/GameBackend/Systems/UserInterfaceSystem/S_NPCNames.uasset	2827	narrow	S_NPCNames	Ronan Tugnuts	Дмитрис Тягорех	
f28c06251cb8	legacy_ui_original	KnightsEnd/Content/KnightsEnd/GameBackend/Systems/UserInterfaceSystem/S_NPCNames.uasset	2892	narrow	S_NPCNames	Radagon Bonk	Васкар Бонк	
45a2e61af748	legacy_ui_original	KnightsEnd/Content/KnightsEnd/GameBackend/Systems/UserInterfaceSystem/S_NPCNames.uasset	2956	narrow	S_NPCNames	Wolfgang fontaine	Вихтор Фонтейн	
06bd44c0bc02	legacy_ui_original	KnightsEnd/Content/KnightsEnd/GameBackend/Systems/UserInterfaceSystem/S_NPCNames.uasset	3025	narrow	S_NPCNames	Gump Worstley	Дарис Худлей	
31c0a518f7d6	legacy_ui_original	KnightsEnd/Content/KnightsEnd/GameBackend/Systems/UserInterfaceSystem/S_NPCNames.uasset	3090	narrow	S_NPCNames	Sotaly Tober	Димитр Тобер	
a56ae8bca90f	legacy_ui_original	KnightsEnd/Content/KnightsEnd/GameBackend/Systems/UserInterfaceSystem/S_NPCNames.uasset	3154	narrow	S_NPCNames	Durg	Васко Дург	
6a50a0beed78	legacy_ui_original	KnightsEnd/Content/KnightsEnd/GameBackend/Systems/UserInterfaceSystem/S_NPCNames.uasset	3210	narrow	S_NPCNames	Ceamore Beaver	Виктар Бобрич	
bd6de87091ef	legacy_ui_original	KnightsEnd/Content/KnightsEnd/GameBackend/Systems/UserInterfaceSystem/S_NPCNames.uasset	3280	narrow	S_NPCNames	Gwyneth Gooplord	Дарьяна Гнойвласт	
599799da9346	legacy_ui_original	KnightsEnd/Content/KnightsEnd/GameBackend/Systems/UserInterfaceSystem/S_NPCNames.uasset	3348	narrow	S_NPCNames	Alma Beeback	Митрия Бибак	
f906ef6e56a7	legacy_ui_original	KnightsEnd/Content/KnightsEnd/GameBackend/Systems/UserInterfaceSystem/S_NPCNames.uasset	3412	narrow	S_NPCNames	Mirielda Weaper	Василия Плакаль	
b4be6cb80bb6	legacy_ui_original	KnightsEnd/Content/KnightsEnd/GameBackend/Systems/UserInterfaceSystem/S_NPCNames.uasset	3479	narrow	S_NPCNames	Ineta Barrow	Дарена Курган	
6e05c29527b2	legacy_ui_original	KnightsEnd/Content/KnightsEnd/GameBackend/Systems/UserInterfaceSystem/S_NPCNames.uasset	3543	narrow	S_NPCNames	Sara Sunmore	Виктория Солнемор	
c142ebc1c1af	legacy_ui_original	KnightsEnd/Content/KnightsEnd/GameBackend/Systems/UserInterfaceSystem/S_NPCNames.uasset	3607	narrow	S_NPCNames	Helga Longcheeks	Дарислава Долгощека	
bce9bd3e6693	legacy_ui_original	KnightsEnd/Content/KnightsEnd/GameBackend/Systems/UserInterfaceSystem/S_NPCNames.uasset	3675	narrow	S_NPCNames	Paulina Shores	Дмитрия Берегова	
ac8a98305df0	legacy_ui_original	KnightsEnd/Content/KnightsEnd/GameBackend/Systems/UserInterfaceSystem/S_NPCNames.uasset	3741	narrow	S_NPCNames	Tilda Morrow	Василиса Морроу	
062118905c9e	legacy_ui_original	KnightsEnd/Content/KnightsEnd/GameBackend/Systems/UserInterfaceSystem/S_NPCNames.uasset	3805	narrow	S_NPCNames	Ineta Longdong	Дарьяна Долгая	
3f58a1bce4e6	legacy_ui_original	KnightsEnd/Content/KnightsEnd/GameBackend/Systems/UserInterfaceSystem/S_NPCNames.uasset	3871	narrow	S_NPCNames	Agnes Thiccthigh	Митрия Толстобедра	
1e62c45e9e3d	legacy_ui_original	KnightsEnd/Content/KnightsEnd/GameBackend/Systems/UserInterfaceSystem/S_NPCNames.uasset	3939	narrow	S_NPCNames	Ivana Tinkle	Василия Звонка	
c112c23df712	legacy_ui_original	KnightsEnd/Content/KnightsEnd/GameBackend/Systems/UserInterfaceSystem/S_NPCNames.uasset	4003	narrow	S_NPCNames	Tess Tickle	Виктория Щекотка	
f5517ee05afe	legacy_ui_original	KnightsEnd/Content/KnightsEnd/GameBackend/Systems/UserInterfaceSystem/S_NPCNames.uasset	4066	narrow	S_NPCNames	May B. Thicke	Дарена Густая	
1f822308890f	legacy_ui_original	KnightsEnd/Content/KnightsEnd/GameBackend/Systems/UserInterfaceSystem/S_NPCNames.uasset	4131	narrow	S_NPCNames	Mona Lott	Дмитрия Многая	
fda35efaeb2f	legacy_ui_original	KnightsEnd/Content/KnightsEnd/GameBackend/Systems/UserInterfaceSystem/S_NPCNames.uasset	4192	narrow	S_NPCNames	Carrie Oakey	Василиса Дубовая	
db5c1b036091	legacy_ui_original	KnightsEnd/Content/KnightsEnd/GameBackend/Systems/UserInterfaceSystem/S_NPCNames.uasset	4256	narrow	S_NPCNames	Dixie Normous	Дарка Нормус	
cebb48423f57	legacy_ui_original	KnightsEnd/Content/KnightsEnd/GameBackend/Systems/UserInterfaceSystem/S_NPCNames.uasset	4321	narrow	S_NPCNames	Misty Meaner	Митрия Злобная	
1781c691e1f5	legacy_ui_original	KnightsEnd/Content/KnightsEnd/GameBackend/Systems/UserInterfaceSystem/S_NPCNames.uasset	4385	narrow	S_NPCNames	Sella Door	Василия Дверница	
54840b857eb9	legacy_ui_original	KnightsEnd/Content/KnightsEnd/GameBackend/Systems/UserInterfaceSystem/WB_Dialog.uasset	5191	utf16	Text_Dialog	I’ve gone and lost me blessed amulet somewhere in the heart of the forest. It’s been a charm of fortune to me all these years, and I fear what may come without it. Would ye be so kind as to seek it out for me? I dare not tread those woods meself—too many eyes in the dark, watchin’ from the trees, and I’m no fool to tempt fate alone.	Потерял я свой благословенный амулет где-то в сердце леса. Все эти годы он хранил мою удачу, и без него мне неспокойно. Будь добр, сыщи его для меня. Сам я в те чащи не сунусь: слишком много глаз во тьме, слишком много взглядов с деревьев, а я не дурак один искушать судьбу.	
b8eaa5590e1a	legacy_ui_original	KnightsEnd/Content/KnightsEnd/GameBackend/Systems/UserInterfaceSystem/WB_Dialog.uasset	6014	narrow	Text_NPC_Name	David Dangleberries	Викторис Данглбер	
53def9bbaa1b	legacy_ui_original	KnightsEnd/Content/KnightsEnd/GameBackend/Systems/UserInterfaceSystem/WB_Dialog.uasset	6269	narrow	TextBlock	"""Okay"""	"""Ладно"""	
9dc1bd1c6b6c	legacy_ui_original	KnightsEnd/Content/KnightsEnd/GameBackend/Systems/UserInterfaceSystem/WB_Dialog.uasset	6459	narrow	WB_Dialog_C	Text_Dialog		
bb5da46c402e	legacy_ui_original	KnightsEnd/Content/KnightsEnd/GameBackend/Systems/UserInterfaceSystem/WB_Gameplay.uasset	5744	narrow	Fade	CanvasPanel_0		
b3d6efde6098	legacy_ui_original	KnightsEnd/Content/KnightsEnd/GameBackend/Systems/UserInterfaceSystem/WB_Gameplay.uasset	5791	narrow	Fade	CanvasPanel_0		
2ee04237d7cd	legacy_ui_original	KnightsEnd/Content/KnightsEnd/GameBackend/Systems/UserInterfaceSystem/WB_Gameplay.uasset	6425	narrow	TextBlock	Drop/Throw	Бросить/метнуть	
f9b550a083e5	legacy_ui_original	KnightsEnd/Content/KnightsEnd/GameBackend/Systems/UserInterfaceSystem/WB_Gameplay.uasset	6545	narrow	TextBlock	Journal	Журнал	
e7c667dcc6c8	legacy_ui_original	KnightsEnd/Content/KnightsEnd/GameBackend/Systems/UserInterfaceSystem/WB_Gameplay.uasset	6662	narrow	TextBlock	Interact	Взаимодействовать	
c01848c29ccf	legacy_ui_original	KnightsEnd/Content/KnightsEnd/GameBackend/Systems/UserInterfaceSystem/WB_Gameplay.uasset	7007	narrow	Fade_INST	Fade		
b8d9718f8ac6	legacy_ui_original	KnightsEnd/Content/KnightsEnd/GameBackend/Systems/UserInterfaceSystem/WB_Gameplay.uasset	7063	narrow	WB_Gameplay_C	Image_120		
06a9d9d7c69f	legacy_ui_original	KnightsEnd/Content/KnightsEnd/GameBackend/Systems/UserInterfaceSystem/WB_Gameplay.uasset	7117	narrow	WB_Gameplay_C	Image		
7749ead1c799	legacy_ui_original	KnightsEnd/Content/KnightsEnd/GameBackend/Systems/UserInterfaceSystem/WB_Gameplay.uasset	7167	narrow	WB_Gameplay_C	Image_1		
b9b2030ef75a	legacy_ui_original	KnightsEnd/Content/KnightsEnd/GameBackend/Systems/UserInterfaceSystem/WB_HonorTracker.uasset	2296	narrow	TextBlock_Honor	Honor : 	Честь: 	
29a7d66cd155	legacy_ui_original	KnightsEnd/Content/KnightsEnd/GameBackend/Systems/UserInterfaceSystem/WB_HonorTracker.uasset	2414	narrow	TextBlock_NightCount	Night : 	Ночь: 	
096c7f933802	legacy_ui_original	KnightsEnd/Content/KnightsEnd/GameBackend/Systems/UserInterfaceSystem/WB_HonorTracker.uasset	2506	narrow	WB_HonorTracker_C	TextBlock_414		
8bc46cfd1dc3	legacy_ui_original	KnightsEnd/Content/KnightsEnd/GameBackend/Systems/UserInterfaceSystem/WB_HonorTracker.uasset	2564	narrow	WB_HonorTracker_C	Night	Ночь	
9ea971a8bed9	legacy_ui_original	KnightsEnd/Content/KnightsEnd/GameBackend/Systems/UserInterfaceSystem/WB_PlayerStats.uasset	5741	narrow	Healthbar1	HealthBar_01		
4191bc837aae	legacy_ui_original	KnightsEnd/Content/KnightsEnd/GameBackend/Systems/UserInterfaceSystem/WB_PlayerStats.uasset	5787	narrow	Healthbar1	HealthBar_01		
da757bd02a37	legacy_ui_original	KnightsEnd/Content/KnightsEnd/GameBackend/Systems/UserInterfaceSystem/WB_PlayerStats.uasset	5898	narrow	HealthBar2	HealthBar_02		
70d88c04db50	legacy_ui_original	KnightsEnd/Content/KnightsEnd/GameBackend/Systems/UserInterfaceSystem/WB_PlayerStats.uasset	5944	narrow	HealthBar2	HealthBar_02		
4165119efce3	legacy_ui_original	KnightsEnd/Content/KnightsEnd/GameBackend/Systems/UserInterfaceSystem/WB_PlayerStats.uasset	6055	narrow	HealthBar3	HealthBar_03		
b09defeb699e	legacy_ui_original	KnightsEnd/Content/KnightsEnd/GameBackend/Systems/UserInterfaceSystem/WB_PlayerStats.uasset	6101	narrow	HealthBar3	HealthBar_03		
62b9bec64400	legacy_ui_original	KnightsEnd/Content/KnightsEnd/GameBackend/Systems/UserInterfaceSystem/WB_PlayerStats.uasset	6212	narrow	HealthBar4	HealthBar_04		
d1dfa54fbc0d	legacy_ui_original	KnightsEnd/Content/KnightsEnd/GameBackend/Systems/UserInterfaceSystem/WB_PlayerStats.uasset	6258	narrow	HealthBar4	HealthBar_04		
397d6d09aee4	legacy_ui_original	KnightsEnd/Content/KnightsEnd/GameBackend/Systems/UserInterfaceSystem/WB_PlayerStats.uasset	11058	narrow	Healthbar1_INST	Healthbar1		
2ba58fce47b6	legacy_ui_original	KnightsEnd/Content/KnightsEnd/GameBackend/Systems/UserInterfaceSystem/WB_PlayerStats.uasset	11142	narrow	HealthBar2_INST	HealthBar2		
7b46ef6b69a6	legacy_ui_original	KnightsEnd/Content/KnightsEnd/GameBackend/Systems/UserInterfaceSystem/WB_PlayerStats.uasset	11226	narrow	HealthBar3_INST	HealthBar3		
4b41d6d9ac97	legacy_ui_original	KnightsEnd/Content/KnightsEnd/GameBackend/Systems/UserInterfaceSystem/WB_PlayerStats.uasset	11310	narrow	HealthBar4_INST	HealthBar4		
aecce7cbd428	legacy_ui_original	KnightsEnd/Content/KnightsEnd/GameBackend/Systems/UserInterfaceSystem/WB_PlayerStats.uasset	11370	narrow	WB_PlayerStats_C	ProgressBarStamina		
89427882765c	legacy_ui_original	KnightsEnd/Content/KnightsEnd/GameBackend/Systems/UserInterfaceSystem/WB_PlayerStats.uasset	11433	narrow	WB_PlayerStats_C	ProgressBarHealth		
d9b1ff1db64d	legacy_ui_original	KnightsEnd/Content/KnightsEnd/GameBackend/Systems/UserInterfaceSystem/WB_PlayerStats.uasset	11495	narrow	WB_PlayerStats_C	TextBlock_281		
3b92b573ad5f	legacy_ui_original	KnightsEnd/Content/KnightsEnd/GameBackend/Systems/UserInterfaceSystem/WB_QuestJournal.uasset	7493	utf16	Text_Dialog	I’ve gone and lost me blessed amulet somewhere in the heart of the forest. It’s been a charm of fortune to me all these years, and I fear what may come without it. Would ye be so kind as to seek it out for me? I dare not tread those woods meself—too many eyes in the dark, watchin’ from the trees, and I’m no fool to tempt fate alone.	Потерял я свой благословенный амулет где-то в сердце леса. Все эти годы он хранил мою удачу, и без него мне неспокойно. Будь добр, сыщи его для меня. Сам я в те чащи не сунусь: слишком много глаз во тьме, слишком много взглядов с деревьев, а я не дурак один искушать судьбу.	
e062a467d907	legacy_ui_original	KnightsEnd/Content/KnightsEnd/GameBackend/Systems/UserInterfaceSystem/WB_QuestJournal.uasset	8282	narrow	Text_NPC_Name	Quest Journal	Журнал заданий	
95690f44a44b	legacy_ui_original	KnightsEnd/Content/KnightsEnd/GameBackend/Systems/UserInterfaceSystem/WB_QuestJournal.uasset	8409	narrow	TextBlock	Quest Completed!	Задание выполнено!	
9385ae139bbe	legacy_ui_original	KnightsEnd/Content/KnightsEnd/GameBackend/Systems/UserInterfaceSystem/WB_QuestJournal.uasset	8619	narrow	WB_QuestJournal_C	Text_Dialog		
ba33d61888d8	legacy_ui_original	KnightsEnd/Content/KnightsEnd/GameBackend/Systems/UserInterfaceSystem/WB_QuestJournal.uasset	8668	narrow	WB_QuestJournal_C	TextBlock_121		
e0be0acd2819	legacy_ui_original	KnightsEnd/Content/KnightsEnd/GameBackend/Systems/UserInterfaceSystem/WB_QuestJournal_Tasks.uasset	14221	narrow	Text_NPC_Name	Quest Tasks	Цели задания	
329ad0c7c87d	legacy_ui_original	KnightsEnd/Content/KnightsEnd/GameBackend/Systems/UserInterfaceSystem/WB_QuestJournal_Tasks.uasset	14342	narrow	Text_NPC_Name	Page 1/1	Стр. 1/1	
faaf5ee64e61	legacy_ui_original	KnightsEnd/Content/KnightsEnd/GameBackend/Systems/UserInterfaceSystem/WB_QuestJournal_Tasks.uasset	14540	narrow	WB_QuestJournal_Tasks_C	Text_NPC_Name_1		
6f227fadf662	legacy_ui_original	KnightsEnd/Content/KnightsEnd/GameBackend/Systems/UserInterfaceSystem/WB_Task_Text.uasset	930	narrow	TextBlock_Task	Text Test Quest Test Do It Text		
393771a6702f	legacy_ui_original	KnightsEnd/Content/KnightsEnd/GameBackend/Systems/UserInterfaceSystem/WB_Task_Text.uasset	1073	narrow	Default__WB_Task_Text_C	asdasdasd asdasda fsdfsfsfsf fdfdf dfsdfsd		
c3c4aaf1d12b	legacy_ui_original	KnightsEnd/Content/KnightsEnd/GameBackend/Systems/UserInterfaceSystem/WB_Task_Text.uasset	1147	narrow	WB_Task_Text_C	TextBlock_Task		
483ab7a25a17	legacy_ui_original	KnightsEnd/Content/KnightsEnd/GameBackend/UserInterface/Fonts/double-feature_regular.uasset	6	narrow	double-feature_regular	C:\Users\allen\Downloads\double-feature.regular.ttf		
314999e6045d	legacy_ui_original	KnightsEnd/Content/KnightsEnd/GameBackend/UserInterface/Fonts/KnightsQuest-nvDV.uasset	6	narrow	KnightsQuest-nvDV	C:\Users\allen\Downloads\KnightsQuest-nvDV.ttf		
b04ef351545f	legacy_ui_original	KnightsEnd/Content/KnightsEnd/GameBackend/UserInterface/Fonts/LombardicNarrow-GvWG.uasset	6	narrow	LombardicNarrow-GvWG	C:\Users\allen\Downloads\LombardicNarrow-GvWG.ttf		
122e6f0c8c12	legacy_ui_original	KnightsEnd/Content/KnightsEnd/GameBackend/UserInterface/Fonts/razor-keen_regular.uasset	6	narrow	razor-keen_regular	C:\Users\allen\Downloads\razor-keen.regular.otf		
bf31ae8b57fe	legacy_ui_original	KnightsEnd/Content/KnightsEnd/GameBackend/UserInterface/Gameplay/WB_DeathScreen.uasset	1210	narrow	YouDiedFade	TextBlock_122		
852cd3f2ad2e	legacy_ui_original	KnightsEnd/Content/KnightsEnd/GameBackend/UserInterface/Gameplay/WB_DeathScreen.uasset	1257	narrow	YouDiedFade	TextBlock_122		
8cf272d486a1	legacy_ui_original	KnightsEnd/Content/KnightsEnd/GameBackend/UserInterface/Gameplay/WB_DeathScreen.uasset	2338	narrow	TextBlock	You Died	Ты погиб	
dad422f64e27	legacy_ui_original	KnightsEnd/Content/KnightsEnd/GameBackend/UserInterface/Gameplay/WB_DeathScreen.uasset	2476	narrow	Default__WB_DeathScreen_C	You Have Died	Ты погиб	
f61b1ec3e875	legacy_ui_original	KnightsEnd/Content/KnightsEnd/GameBackend/UserInterface/Gameplay/WB_DeathScreen.uasset	2541	narrow	Default__WB_DeathScreen_C	Lost To The Night	Поглощен ночью	
85511bdd664a	legacy_ui_original	KnightsEnd/Content/KnightsEnd/GameBackend/UserInterface/Gameplay/WB_DeathScreen.uasset	2610	narrow	Default__WB_DeathScreen_C	You Have Perished	Ты сгинул	
debdff507fd4	legacy_ui_original	KnightsEnd/Content/KnightsEnd/GameBackend/UserInterface/Gameplay/WB_DeathScreen.uasset	2679	narrow	Default__WB_DeathScreen_C	Death Has Come	Смерть пришла	
4f77b5178589	legacy_ui_original	KnightsEnd/Content/KnightsEnd/GameBackend/UserInterface/Gameplay/WB_DeathScreen.uasset	2749	narrow	YouDiedFade_INST	YouDiedFade		
4859994da918	legacy_ui_original	KnightsEnd/Content/KnightsEnd/GameBackend/UserInterface/Gameplay/WB_FailGameSummary.uasset	1284	narrow	TextBlock	Quests Completed	Заданий выполнено	
151bae31c801	legacy_ui_original	KnightsEnd/Content/KnightsEnd/GameBackend/UserInterface/Gameplay/WB_FailGameSummary.uasset	1487	narrow	TextBlock	Knights Deaths	Смертей рыцарей	
017ec5c67304	legacy_ui_original	KnightsEnd/Content/KnightsEnd/GameBackend/UserInterface/Gameplay/WB_FailGameSummary.uasset	1783	narrow	TextBlock	Nights Survived	Ночей пережито	
1df68359d8d1	legacy_ui_original	KnightsEnd/Content/KnightsEnd/GameBackend/UserInterface/Gameplay/WB_FailGameSummary.uasset	1895	narrow	TextBlock_GameOver	Game Over	Игра окончена	
8ac40d052a0c	legacy_ui_original	KnightsEnd/Content/KnightsEnd/GameBackend/UserInterface/Gameplay/WB_FailGameSummary.uasset	2106	narrow	WB_FailGameSummary_C	TextBlock_207		
936e379e4f2b	legacy_ui_original	KnightsEnd/Content/KnightsEnd/GameBackend/UserInterface/Gameplay/WB_FailQuests_Simple.uasset	11384	narrow	YouDiedFade	CanvasPanel_30		
1c58521a6d66	legacy_ui_original	KnightsEnd/Content/KnightsEnd/GameBackend/UserInterface/Gameplay/WB_FailQuests_Simple.uasset	11432	narrow	YouDiedFade	CanvasPanel_30		
4155286285c6	legacy_ui_original	KnightsEnd/Content/KnightsEnd/GameBackend/UserInterface/Gameplay/WB_FailQuests_Simple.uasset	12067	narrow	TextBlock_CostTextHeader	cost!	цена!	
e2e444f196eb	legacy_ui_original	KnightsEnd/Content/KnightsEnd/GameBackend/UserInterface/Gameplay/WB_FailQuests_Simple.uasset	12189	narrow	TextBlock_CurrentHonor	1000 Honor	1000 чести	
a425f52ed164	legacy_ui_original	KnightsEnd/Content/KnightsEnd/GameBackend/UserInterface/Gameplay/WB_FailQuests_Simple.uasset	12341	narrow	TextBlock_FailCost	100 Honor	100 чести	
1e8174f8f983	legacy_ui_original	KnightsEnd/Content/KnightsEnd/GameBackend/UserInterface/Gameplay/WB_FailQuests_Simple.uasset	12488	narrow	TextBlock_FailCostText	Total Fail Cost	Общая цена провала	
03ff1d9be9f7	legacy_ui_original	KnightsEnd/Content/KnightsEnd/GameBackend/UserInterface/Gameplay/WB_FailQuests_Simple.uasset	12616	narrow	TextBlock_Footer	Remaining If Failed	Останется при провале	
c1807244e81f	legacy_ui_original	KnightsEnd/Content/KnightsEnd/GameBackend/UserInterface/Gameplay/WB_FailQuests_Simple.uasset	12748	narrow	TextBlock_Header	Current	Сейчас	
70a91ee6a0c2	legacy_ui_original	KnightsEnd/Content/KnightsEnd/GameBackend/UserInterface/Gameplay/WB_FailQuests_Simple.uasset	12872	narrow	TextBlock_HonorAfterFail	725 Honor	725 чести	
53be8353d144	legacy_ui_original	KnightsEnd/Content/KnightsEnd/GameBackend/UserInterface/Gameplay/WB_FailQuests_Simple.uasset	13021	narrow	TextBlock_MainHeader	Sleeping now will skip to the next day	Сон сейчас перенесет к следующему дню	
e8c264198f49	legacy_ui_original	KnightsEnd/Content/KnightsEnd/GameBackend/UserInterface/Gameplay/WB_FailQuests_Simple.uasset	13177	narrow	TextBlock_MissingPlayersCost	1000 Honor	1000 чести	
cfa2de624193	legacy_ui_original	KnightsEnd/Content/KnightsEnd/GameBackend/UserInterface/Gameplay/WB_FailQuests_Simple.uasset	13329	narrow	TextBlock_NightSkipCost	100 Honor	100 чести	
432a45bc1b6c	legacy_ui_original	KnightsEnd/Content/KnightsEnd/GameBackend/UserInterface/Gameplay/WB_FailQuests_Simple.uasset	13476	narrow	TextBlock_PlayersMIA	Cost of Missing Players	Цена отсутствующих рыцарей	
11254f3b7499	legacy_ui_original	KnightsEnd/Content/KnightsEnd/GameBackend/UserInterface/Gameplay/WB_FailQuests_Simple.uasset	13612	narrow	TextBlock_SkipCostText	Cost to Skip Unfinished Quests	Цена пропуска незавершенных заданий	
932884629b18	legacy_ui_original	KnightsEnd/Content/KnightsEnd/GameBackend/UserInterface/Gameplay/WB_FailQuests_Simple.uasset	13757	narrow	TextBlock_SubHeader	. . . at a 	...?? 	
0cbb866c3e7f	legacy_ui_original	KnightsEnd/Content/KnightsEnd/GameBackend/UserInterface/Gameplay/WB_FailQuests_Simple.uasset	14164	narrow	WB_ButtonContinue	No! I Must Persevere!	Нет! Я должен выстоять!	
2cb663d5192f	legacy_ui_original	KnightsEnd/Content/KnightsEnd/GameBackend/UserInterface/Gameplay/WB_FailQuests_Simple.uasset	14265	narrow	WB_ButtonFail	Yes, Take the Penalty	Да, принять кару	
30bd6810646b	legacy_ui_original	KnightsEnd/Content/KnightsEnd/GameBackend/UserInterface/Gameplay/WB_FailQuests_Simple.uasset	14376	narrow	YouDiedFade_INST	YouDiedFade		
cd9c27f26bd9	legacy_ui_original	KnightsEnd/Content/KnightsEnd/GameBackend/UserInterface/Gameplay/WB_FailScreen.uasset	3918	narrow	YouDiedFade	CanvasPanel_30		
2b24b87c1f41	legacy_ui_original	KnightsEnd/Content/KnightsEnd/GameBackend/UserInterface/Gameplay/WB_FailScreen.uasset	3966	narrow	YouDiedFade	CanvasPanel_30		
7c35f1a81baa	legacy_ui_original	KnightsEnd/Content/KnightsEnd/GameBackend/UserInterface/Gameplay/WB_FailScreen.uasset	4571	narrow	TextBlock_Header	Died 		 skipped: unstable binary match
aa040b2f0c2e	legacy_ui_original	KnightsEnd/Content/KnightsEnd/GameBackend/UserInterface/Gameplay/WB_FailScreen.uasset	4688	narrow	TextBlock_Header	Resulting in 	Итог: 	
4ede018a6572	legacy_ui_original	KnightsEnd/Content/KnightsEnd/GameBackend/UserInterface/Gameplay/WB_FailScreen.uasset	4944	narrow	TextBlock_Honor_Header	Honor	Честь	
a4c016220b62	legacy_ui_original	KnightsEnd/Content/KnightsEnd/GameBackend/UserInterface/Gameplay/WB_FailScreen.uasset	5091	narrow	TextBlock_Honor_Header	Thank Yee for Playin!	Спасибо за игру, рыцарь!	
27db70747a15	legacy_ui_original	KnightsEnd/Content/KnightsEnd/GameBackend/UserInterface/Gameplay/WB_FailScreen.uasset	5252	narrow	TextBlock_MainText	Your Watch Is Over	Твоя стража окончена	
57a36ab2decf	legacy_ui_original	KnightsEnd/Content/KnightsEnd/GameBackend/UserInterface/Gameplay/WB_FailScreen.uasset	5384	narrow	TextBlock_YouOrEveryone	Everyone has	У всех есть	
6cb550cfe1c5	legacy_ui_original	KnightsEnd/Content/KnightsEnd/GameBackend/UserInterface/Gameplay/WB_FailScreen.uasset	5616	narrow	YouDiedFade_INST	YouDiedFade		
49a086b1f698	legacy_ui_original	KnightsEnd/Content/KnightsEnd/GameBackend/UserInterface/Gameplay/WB_Hint.uasset	988	narrow	Slide	Overlay_0		
9f94ad29289e	legacy_ui_original	KnightsEnd/Content/KnightsEnd/GameBackend/UserInterface/Gameplay/WB_Hint.uasset	1031	narrow	Slide	Overlay_0		
49cc3f2b9b23	legacy_ui_original	KnightsEnd/Content/KnightsEnd/GameBackend/UserInterface/Gameplay/WB_Hint.uasset	2196	narrow	TextBlock	Sleep in your bed to start a new day!	Ляг в кровать, чтобы начать новый день!	
1f2498d9a000	legacy_ui_original	KnightsEnd/Content/KnightsEnd/GameBackend/UserInterface/Gameplay/WB_Hint.uasset	2342	narrow	Default__WB_Hint_C	This is a hint!	Это подсказка!	
c5bde988eb82	legacy_ui_original	KnightsEnd/Content/KnightsEnd/GameBackend/UserInterface/Gameplay/WB_Hint.uasset	2417	narrow	Slide_INST	Slide		
9e5765897660	legacy_ui_original	KnightsEnd/Content/KnightsEnd/GameBackend/UserInterface/Gameplay/WB_Hint.uasset	2472	narrow	WB_Hint_C	TextBlock_30		
e5dcad4ed0d5	legacy_ui_original	KnightsEnd/Content/KnightsEnd/GameBackend/UserInterface/Gameplay/WB_IntroText.uasset	2617	narrow	FadeOutIntoWidget	CanvasPanel_27		
a7c225907a94	legacy_ui_original	KnightsEnd/Content/KnightsEnd/GameBackend/UserInterface/Gameplay/WB_IntroText.uasset	2665	narrow	FadeOutIntoWidget	CanvasPanel_27		
7c509cec98de	legacy_ui_original	KnightsEnd/Content/KnightsEnd/GameBackend/UserInterface/Gameplay/WB_IntroText.uasset	2780	narrow	FadeText	TextBlock_230		
9a37954f317c	legacy_ui_original	KnightsEnd/Content/KnightsEnd/GameBackend/UserInterface/Gameplay/WB_IntroText.uasset	2827	narrow	FadeText	TextBlock_230		
61f049fd4abb	legacy_ui_original	KnightsEnd/Content/KnightsEnd/GameBackend/UserInterface/Gameplay/WB_IntroText.uasset	4664	narrow	TextBlock	You're a Dishonored Knight Ya Dingus!	Ты обесчещенный рыцарь, болван!	
c871ae0d7b91	legacy_ui_original	KnightsEnd/Content/KnightsEnd/GameBackend/UserInterface/Gameplay/WB_IntroText.uasset	4812	narrow	Default__WB_IntroText_C	You have brought shame upon your King for the last time.	Ты опозорил короля.	
f9208f5f46c8	legacy_ui_original	KnightsEnd/Content/KnightsEnd/GameBackend/UserInterface/Gameplay/WB_IntroText.uasset	4920	narrow	Default__WB_IntroText_C	By his decree, you are cast to the night shift. 	Его указом тебя сослали на ночную стражу. 	
9dc91ab3541d	legacy_ui_original	KnightsEnd/Content/KnightsEnd/GameBackend/UserInterface/Gameplay/WB_IntroText.uasset	5020	narrow	Default__WB_IntroText_C	Do Everything to Reclaim your honor.	Сделай все, чтобы вернуть честь.	
ade69e9ba2fd	legacy_ui_original	KnightsEnd/Content/KnightsEnd/GameBackend/UserInterface/Gameplay/WB_IntroText.uasset	5108	narrow	Default__WB_IntroText_C	Do not perish to the night.	Не сгинь во тьме.	
a176fd2f781b	legacy_ui_original	KnightsEnd/Content/KnightsEnd/GameBackend/UserInterface/Gameplay/WB_IntroText.uasset	5191	narrow	FadeOutIntoWidget_INST	FadeOutIntoWidget		
6c35cb2a7c7d	legacy_ui_original	KnightsEnd/Content/KnightsEnd/GameBackend/UserInterface/Gameplay/WB_IntroText.uasset	5282	narrow	FadeText_INST	FadeText		
616e4d7582ad	legacy_ui_original	KnightsEnd/Content/KnightsEnd/GameBackend/UserInterface/Gameplay/WB_NightCount.uasset	2296	narrow	FadeInBorder	Border_127		
e1721949cbc9	legacy_ui_original	KnightsEnd/Content/KnightsEnd/GameBackend/UserInterface/Gameplay/WB_NightCount.uasset	2340	narrow	FadeInBorder	Border_127		
49ed4f140887	legacy_ui_original	KnightsEnd/Content/KnightsEnd/GameBackend/UserInterface/Gameplay/WB_NightCount.uasset	2449	narrow	FadeInText	HorizontalBox_0		
69c471e64d48	legacy_ui_original	KnightsEnd/Content/KnightsEnd/GameBackend/UserInterface/Gameplay/WB_NightCount.uasset	2498	narrow	FadeInText	HorizontalBox_0		
75ae1ce838b6	legacy_ui_original	KnightsEnd/Content/KnightsEnd/GameBackend/UserInterface/Gameplay/WB_NightCount.uasset	2612	narrow	FadeSummary	WB_NightEndSummary		
6ea1e390a275	legacy_ui_original	KnightsEnd/Content/KnightsEnd/GameBackend/UserInterface/Gameplay/WB_NightCount.uasset	2664	narrow	FadeSummary	WB_NightEndSummary		
01e296f0ebc0	legacy_ui_original	KnightsEnd/Content/KnightsEnd/GameBackend/UserInterface/Gameplay/WB_NightCount.uasset	2781	narrow	NewAnimation	Border_127		
746a7422dc0f	legacy_ui_original	KnightsEnd/Content/KnightsEnd/GameBackend/UserInterface/Gameplay/WB_NightCount.uasset	2837	narrow	NewAnimation	HorizontalBox_0		
57bbac5934ec	legacy_ui_original	KnightsEnd/Content/KnightsEnd/GameBackend/UserInterface/Gameplay/WB_NightCount.uasset	2886	narrow	NewAnimation	Border_127		
b3681a405bd9	legacy_ui_original	KnightsEnd/Content/KnightsEnd/GameBackend/UserInterface/Gameplay/WB_NightCount.uasset	2927	narrow	NewAnimation	HorizontalBox_0		
77684c816cf5	legacy_ui_original	KnightsEnd/Content/KnightsEnd/GameBackend/UserInterface/Gameplay/WB_NightCount.uasset	3041	narrow	ShowSummary	Border_127		
56a308720ad7	legacy_ui_original	KnightsEnd/Content/KnightsEnd/GameBackend/UserInterface/Gameplay/WB_NightCount.uasset	3097	narrow	ShowSummary	WB_NightEndSummary		
47715cd221c7	legacy_ui_original	KnightsEnd/Content/KnightsEnd/GameBackend/UserInterface/Gameplay/WB_NightCount.uasset	3161	narrow	ShowSummary	HorizontalBox_0		
178ec7710c3d	legacy_ui_original	KnightsEnd/Content/KnightsEnd/GameBackend/UserInterface/Gameplay/WB_NightCount.uasset	3210	narrow	ShowSummary	Border_127		
8268ee182a7a	legacy_ui_original	KnightsEnd/Content/KnightsEnd/GameBackend/UserInterface/Gameplay/WB_NightCount.uasset	3251	narrow	ShowSummary	WB_NightEndSummary		
badd7539e7d9	legacy_ui_original	KnightsEnd/Content/KnightsEnd/GameBackend/UserInterface/Gameplay/WB_NightCount.uasset	3304	narrow	ShowSummary	HorizontalBox_0		
a74e326142a2	legacy_ui_original	KnightsEnd/Content/KnightsEnd/GameBackend/UserInterface/Gameplay/WB_NightCount.uasset	8473	narrow	TextBlock	Night 	Ночь 	
c0859b0441e7	legacy_ui_original	KnightsEnd/Content/KnightsEnd/GameBackend/UserInterface/Gameplay/WB_NightCount.uasset	8660	narrow	FadeInBorder_INST	FadeInBorder		
38361d9d0624	legacy_ui_original	KnightsEnd/Content/KnightsEnd/GameBackend/UserInterface/Gameplay/WB_NightCount.uasset	8746	narrow	FadeInText_INST	FadeInText		
57013acc612b	legacy_ui_original	KnightsEnd/Content/KnightsEnd/GameBackend/UserInterface/Gameplay/WB_NightCount.uasset	8830	narrow	FadeSummary_INST	FadeSummary		
c767fdd9d614	legacy_ui_original	KnightsEnd/Content/KnightsEnd/GameBackend/UserInterface/Gameplay/WB_NightCount.uasset	8942	narrow	NewAnimation_INST	NewAnimation		
8d8e9dc3d3ab	legacy_ui_original	KnightsEnd/Content/KnightsEnd/GameBackend/UserInterface/Gameplay/WB_NightCount.uasset	9082	narrow	ShowSummary_INST	ShowSummary		
dd5b948a5d87	legacy_ui_original	KnightsEnd/Content/KnightsEnd/GameBackend/UserInterface/Gameplay/WB_NightCount.uasset	9143	narrow	WB_NightCount_C	TextBlock_169		
ab5b7172b1c9	legacy_ui_original	KnightsEnd/Content/KnightsEnd/GameBackend/UserInterface/Gameplay/WB_NightEndSummary.uasset	6082	narrow	TextBlock	Quests Completed	Заданий выполнено	
ba00b5974a2b	legacy_ui_original	KnightsEnd/Content/KnightsEnd/GameBackend/UserInterface/Gameplay/WB_NightEndSummary.uasset	6313	narrow	TextBlock	Summary	Итог	
ce74d8154d44	legacy_ui_original	KnightsEnd/Content/KnightsEnd/GameBackend/UserInterface/Gameplay/WB_NightEndSummary.uasset	6449	narrow	TextBlock	Knight Deaths	Смертей рыцарей	
f0d4c318fadf	legacy_ui_original	KnightsEnd/Content/KnightsEnd/GameBackend/UserInterface/Gameplay/WB_NightEndSummary.uasset	6672	narrow	TextBlock	Honor Spent	Чести потрачено	
440ea2bd0ca8	legacy_ui_original	KnightsEnd/Content/KnightsEnd/GameBackend/UserInterface/Gameplay/WB_NightEndSummary.uasset	6896	narrow	TextBlock	Total Honor	Всего чести	
d3cb07c32647	legacy_ui_original	KnightsEnd/Content/KnightsEnd/GameBackend/UserInterface/Gameplay/WB_NightEndSummary.uasset	7018	narrow	TextBlock	Bonus Honor	Бонус чести	
7c9ab40b4218	legacy_ui_original	KnightsEnd/Content/KnightsEnd/GameBackend/UserInterface/Gameplay/WB_PlayerName.uasset	320	narrow	TextBlock	< player name >	< имя игрока >	
bcc2bfdaad06	legacy_ui_original	KnightsEnd/Content/KnightsEnd/GameBackend/UserInterface/Gameplay/WB_PlayerName.uasset	399	narrow	WB_PlayerName_C	TextBlock_38		
642a1137824c	legacy_ui_original	KnightsEnd/Content/KnightsEnd/GameBackend/UserInterface/Gameplay/WB_QuestComplete.uasset	1826	narrow	Slide	Overlay_0		
864e058e720f	legacy_ui_original	KnightsEnd/Content/KnightsEnd/GameBackend/UserInterface/Gameplay/WB_QuestComplete.uasset	1869	narrow	Slide	Overlay_0		
4efdb2f159fa	legacy_ui_original	KnightsEnd/Content/KnightsEnd/GameBackend/UserInterface/Gameplay/WB_QuestComplete.uasset	3019	narrow	TextBlock	You Earned	Получено	
8070b53432fb	legacy_ui_original	KnightsEnd/Content/KnightsEnd/GameBackend/UserInterface/Gameplay/WB_QuestComplete.uasset	3142	narrow	TextBlock	Quest Complete	Задание выполнено	
3f9d289d923f	legacy_ui_original	KnightsEnd/Content/KnightsEnd/GameBackend/UserInterface/Gameplay/WB_QuestComplete.uasset	3271	narrow	TextBlock_Honor	100 Honor	100 чести	
1985da85eee1	legacy_ui_original	KnightsEnd/Content/KnightsEnd/GameBackend/UserInterface/Gameplay/WB_QuestComplete.uasset	3524	narrow	Slide_INST	Slide		
a719df85c519	legacy_ui_original	KnightsEnd/Content/KnightsEnd/GameBackend/UserInterface/Gameplay/WB_Spectator.uasset	288	narrow	WB_Hint_Right_Use	Next Player	Следующий игрок	
d3a3c2717a05	legacy_ui_original	KnightsEnd/Content/KnightsEnd/GameBackend/UserInterface/Lobby/WB_CharacterCustomizer.uasset	15182	narrow	Fade	CanvasPanel_50		
df881911a1fb	legacy_ui_original	KnightsEnd/Content/KnightsEnd/GameBackend/UserInterface/Lobby/WB_CharacterCustomizer.uasset	15230	narrow	Fade	CanvasPanel_50		
41620870cff6	legacy_ui_original	KnightsEnd/Content/KnightsEnd/GameBackend/UserInterface/Lobby/WB_CharacterCustomizer.uasset	16017	narrow	TextBlock	Face	Лицо	
9b04cf5dbaf3	legacy_ui_original	KnightsEnd/Content/KnightsEnd/GameBackend/UserInterface/Lobby/WB_CharacterCustomizer.uasset	16158	narrow	TextBlock	Shirt Color	Цвет рубахи	
75e1f860fdd6	legacy_ui_original	KnightsEnd/Content/KnightsEnd/GameBackend/UserInterface/Lobby/WB_CharacterCustomizer.uasset	16306	narrow	TextBlock	Helmet	Шлем	
e1c8703b304a	legacy_ui_original	KnightsEnd/Content/KnightsEnd/GameBackend/UserInterface/Lobby/WB_CharacterCustomizer.uasset	16449	narrow	TextBlock	Pants Color	Цвет штанов	
adb461ebca22	legacy_ui_original	KnightsEnd/Content/KnightsEnd/GameBackend/UserInterface/Lobby/WB_CharacterCustomizer.uasset	16597	narrow	TextBlock	Hair Color	Цвет волос	
565a9022bbc9	legacy_ui_original	KnightsEnd/Content/KnightsEnd/GameBackend/UserInterface/Lobby/WB_CharacterCustomizer.uasset	16744	narrow	TextBlock	Hair	Волосы	
64f0cc322bc9	legacy_ui_original	KnightsEnd/Content/KnightsEnd/GameBackend/UserInterface/Lobby/WB_CharacterCustomizer.uasset	17289	narrow	WBButtonFaceLeft	Prev	Назад	
f1c8d213f353	legacy_ui_original	KnightsEnd/Content/KnightsEnd/GameBackend/UserInterface/Lobby/WB_CharacterCustomizer.uasset	17422	narrow	WBButtonFaceRight	Next	Дальше	
1d16e461163d	legacy_ui_original	KnightsEnd/Content/KnightsEnd/GameBackend/UserInterface/Lobby/WB_CharacterCustomizer.uasset	17555	narrow	WBButtonHairColorLeft	Prev	Назад	
841dbf0f240e	legacy_ui_original	KnightsEnd/Content/KnightsEnd/GameBackend/UserInterface/Lobby/WB_CharacterCustomizer.uasset	17688	narrow	WBButtonHairColorRight	Next	Дальше	
7b636058fd89	legacy_ui_original	KnightsEnd/Content/KnightsEnd/GameBackend/UserInterface/Lobby/WB_CharacterCustomizer.uasset	17821	narrow	WBButtonHairLeft	Prev	Назад	
696f04475301	legacy_ui_original	KnightsEnd/Content/KnightsEnd/GameBackend/UserInterface/Lobby/WB_CharacterCustomizer.uasset	17954	narrow	WBButtonHairRight	Next	Дальше	
1bb7180fa001	legacy_ui_original	KnightsEnd/Content/KnightsEnd/GameBackend/UserInterface/Lobby/WB_CharacterCustomizer.uasset	18081	narrow	WBButtonHelmetLeft	Prev	Назад	
46f53b984d7c	legacy_ui_original	KnightsEnd/Content/KnightsEnd/GameBackend/UserInterface/Lobby/WB_CharacterCustomizer.uasset	18214	narrow	WBButtonHelmetRight	Next	Дальше	
b4877c42ce53	legacy_ui_original	KnightsEnd/Content/KnightsEnd/GameBackend/UserInterface/Lobby/WB_CharacterCustomizer.uasset	18347	narrow	WBButtonPantsLeft	Prev	Назад	
ac0a66d37e72	legacy_ui_original	KnightsEnd/Content/KnightsEnd/GameBackend/UserInterface/Lobby/WB_CharacterCustomizer.uasset	18480	narrow	WBButtonPantsRight	Next	Дальше	
e419ba9041c3	legacy_ui_original	KnightsEnd/Content/KnightsEnd/GameBackend/UserInterface/Lobby/WB_CharacterCustomizer.uasset	18613	narrow	WBButtonShirtLeft	Prev	Назад	
3368805b9753	legacy_ui_original	KnightsEnd/Content/KnightsEnd/GameBackend/UserInterface/Lobby/WB_CharacterCustomizer.uasset	18746	narrow	WBButtonShirtRight	Next	Дальше	
bfa07b42ffd3	legacy_ui_original	KnightsEnd/Content/KnightsEnd/GameBackend/UserInterface/Lobby/WB_CharacterCustomizer.uasset	19290	narrow	Fade_INST	Fade		
660ac8c5f7e6	legacy_ui_original	KnightsEnd/Content/KnightsEnd/GameBackend/UserInterface/Lobby/WB_Lobby.uasset	8163	narrow	Fade	WB_PlayerList		
6135c56735c0	legacy_ui_original	KnightsEnd/Content/KnightsEnd/GameBackend/UserInterface/Lobby/WB_Lobby.uasset	8222	narrow	Fade	CanvasPanel_32		
76641b2e2bff	legacy_ui_original	KnightsEnd/Content/KnightsEnd/GameBackend/UserInterface/Lobby/WB_Lobby.uasset	8270	narrow	Fade	WB_PlayerList		
81efdf64ce2b	legacy_ui_original	KnightsEnd/Content/KnightsEnd/GameBackend/UserInterface/Lobby/WB_Lobby.uasset	8314	narrow	Fade	CanvasPanel_32		
d9fb8115382e	legacy_ui_original	KnightsEnd/Content/KnightsEnd/GameBackend/UserInterface/Lobby/WB_Lobby.uasset	9954	narrow	TextBlock	Honor:	Честь:	
9cad4ec7e7ea	legacy_ui_original	KnightsEnd/Content/KnightsEnd/GameBackend/UserInterface/Lobby/WB_Lobby.uasset	10071	narrow	TextBlock	Night:	Ночь:	
e19d69194c15	legacy_ui_original	KnightsEnd/Content/KnightsEnd/GameBackend/UserInterface/Lobby/WB_Lobby.uasset	10432	narrow	CustomizeCharacterButton	Customize Character	Настроить рыцаря	
1684d1e4ab3a	legacy_ui_original	KnightsEnd/Content/KnightsEnd/GameBackend/UserInterface/Lobby/WB_Lobby.uasset	10573	narrow	InviteFriendsButton	Invite Friends	Позвать друзей	
03060f073406	legacy_ui_original	KnightsEnd/Content/KnightsEnd/GameBackend/UserInterface/Lobby/WB_Lobby.uasset	10704	narrow	WBButtonQuit	Close Lobby	Закрыть лобби	
b79d44716651	legacy_ui_original	KnightsEnd/Content/KnightsEnd/GameBackend/UserInterface/Lobby/WB_Lobby.uasset	10835	narrow	WBButtonStart	Start Game	Начать игру	
0e5630094a8b	legacy_ui_original	KnightsEnd/Content/KnightsEnd/GameBackend/UserInterface/Lobby/WB_Lobby.uasset	11031	narrow	Fade_INST	Fade		
3ed87cd7f031	legacy_ui_original	KnightsEnd/Content/KnightsEnd/GameBackend/UserInterface/Lobby/WB_Lobby_PlayerCard.uasset	4268	narrow	Fade	Overlay_0		
9f963cc53e56	legacy_ui_original	KnightsEnd/Content/KnightsEnd/GameBackend/UserInterface/Lobby/WB_Lobby_PlayerCard.uasset	4311	narrow	Fade	Overlay_0		
d3faad36fc4b	legacy_ui_original	KnightsEnd/Content/KnightsEnd/GameBackend/UserInterface/Lobby/WB_Lobby_PlayerCard.uasset	5189	narrow	NameTextBox	Player Name	Имя игрока	
428d455baa16	legacy_ui_original	KnightsEnd/Content/KnightsEnd/GameBackend/UserInterface/Lobby/WB_Lobby_PlayerCard.uasset	5336	narrow	WB_ButtonKick	Kick	Выгнать	
f44b1d44618e	legacy_ui_original	KnightsEnd/Content/KnightsEnd/GameBackend/UserInterface/Lobby/WB_Lobby_PlayerCard.uasset	5458	narrow	Fade_INST	Fade		
69789e350835	legacy_ui_original	KnightsEnd/Content/KnightsEnd/GameBackend/UserInterface/Lobby/WB_Lobby_PlayerCard.uasset	5514	narrow	WB_Lobby_PlayerCard_C	NameTextBox		
b9b6acf62100	legacy_ui_original	KnightsEnd/Content/KnightsEnd/GameBackend/UserInterface/Lobby/WB_Lobby_PlayerList.uasset	5012	narrow	TextBlock	Players	Игроки	
d608e74c1fa7	legacy_ui_original	KnightsEnd/Content/KnightsEnd/GameBackend/UserInterface/MainMenu/WB_Credits.uasset	527	narrow	TextBlock_Demo	Dustin Depalma-Shields	Dustin Depalma-Shields	
e99fc8236c76	legacy_ui_original	KnightsEnd/Content/KnightsEnd/GameBackend/UserInterface/MainMenu/WB_Credits.uasset	683	utf16	TextBlock_Demo	"Tarvern Shelves
Created by: François Espagnet
https://sketchfab.com/3d-models/the-tavern-shelves-e515e3b3cfc746c99d07b3240e3828d5
- Modified

Cavalo No Estilo
Created by: Moustache_Cat
https://sketchfab.com/3d-models/cavalo-no-estilo-de-ps1-9ab347bbf58d4d2db77cc1f0a44256eb
- Modified

PS1 Chicken
Created by: RetroDesignHive
https://sketchfab.com/3d-models/ps1-chicken-289cf2bd644b4480b9a57e7bd2e89cbb
- Modified

Medieval House 3
Created by: Animau3D
https://sketchfab.com/3d-models/medieval-house-3-cf179aa6dc0944f1974ce3f7812031a6
- Modified

Vintage Wooden Table
Created by: Poring
https://sketchfab.com/3d-models/vintage-wooden-table-50d4b35d7afc4e2ca66c5ac265146da6
- Modified"		
1d1095fbb1f4	legacy_ui_original	KnightsEnd/Content/KnightsEnd/GameBackend/UserInterface/MainMenu/WB_Credits.uasset	2231	narrow	TextBlock_Demo	Ethan Thompson	Ethan Thompson	
2ba0726f3ba4	legacy_ui_original	KnightsEnd/Content/KnightsEnd/GameBackend/UserInterface/MainMenu/WB_Credits.uasset	2379	narrow	TextBlock_Demo	Kelsey Allen	Kelsey Allen	
e6332b134604	legacy_ui_original	KnightsEnd/Content/KnightsEnd/GameBackend/UserInterface/MainMenu/WB_Credits.uasset	2525	narrow	TextBlock_Demo	Created By:	Создано:	
1ed94d3fd7fe	legacy_ui_original	KnightsEnd/Content/KnightsEnd/GameBackend/UserInterface/MainMenu/WB_Credits.uasset	2670	narrow	TextBlock_Demo	Angier Allen	Angier Allen	
6438d50c7af7	legacy_ui_original	KnightsEnd/Content/KnightsEnd/GameBackend/UserInterface/MainMenu/WB_Credits.uasset	2814	narrow	TextBlock_Demo	Attributions	Благодарности	
d0d4488b53cc	legacy_ui_original	KnightsEnd/Content/KnightsEnd/GameBackend/UserInterface/MainMenu/WB_Credits.uasset	3305	narrow	Button_Back	BACK	НАЗАД	
55605ebd9039	legacy_ui_original	KnightsEnd/Content/KnightsEnd/GameBackend/UserInterface/MainMenu/WB_MainMenu.uasset	8376	narrow	Fade	CanvasPanel_83		
02d9af5283e3	legacy_ui_original	KnightsEnd/Content/KnightsEnd/GameBackend/UserInterface/MainMenu/WB_MainMenu.uasset	8424	narrow	Fade	CanvasPanel_83		
5508080d25c7	legacy_ui_original	KnightsEnd/Content/KnightsEnd/GameBackend/UserInterface/MainMenu/WB_MainMenu.uasset	9322	narrow	TextBlock_Demo	Demo	Демо	
fb558a74404d	legacy_ui_original	KnightsEnd/Content/KnightsEnd/GameBackend/UserInterface/MainMenu/WB_MainMenu.uasset	9790	narrow	Button_CooP	CO-OP	КООП	
dceca53d9f37	legacy_ui_original	KnightsEnd/Content/KnightsEnd/GameBackend/UserInterface/MainMenu/WB_MainMenu.uasset	9917	narrow	Button_Credits	CREDITS	АВТОРЫ	
56a88feb4010	legacy_ui_original	KnightsEnd/Content/KnightsEnd/GameBackend/UserInterface/MainMenu/WB_MainMenu.uasset	10046	narrow	Button_Quit	QUIT	ВЫХОД	
816a9e5ad596	legacy_ui_original	KnightsEnd/Content/KnightsEnd/GameBackend/UserInterface/MainMenu/WB_MainMenu.uasset	10172	narrow	Button_Settings	SETTINGS	НАСТРОЙКИ	
9d94b8f580ee	legacy_ui_original	KnightsEnd/Content/KnightsEnd/GameBackend/UserInterface/MainMenu/WB_MainMenu.uasset	10302	narrow	Button_Solo	SOLO	СОЛО	
a3f991094fe2	legacy_ui_original	KnightsEnd/Content/KnightsEnd/GameBackend/UserInterface/MainMenu/WB_MainMenu.uasset	10573	narrow	WB_DiscordLink	https://discord.gg/vdxP7UqsB7		
7bdec805a97d	legacy_ui_original	KnightsEnd/Content/KnightsEnd/GameBackend/UserInterface/MainMenu/WB_MainMenu.uasset	10654	narrow	WB_DiscordLink	Join Our Discord	НАШ DISCORD	
ee6ca8fff95e	legacy_ui_original	KnightsEnd/Content/KnightsEnd/GameBackend/UserInterface/MainMenu/WB_MainMenu.uasset	10776	narrow	Fade_INST	Fade		
cfa421981e19	legacy_ui_original	KnightsEnd/Content/KnightsEnd/GameBackend/UserInterface/Steam/WB_InviteRequest.uasset	3352	narrow	Slide	Border_1		
b85d7bdee7ea	legacy_ui_original	KnightsEnd/Content/KnightsEnd/GameBackend/UserInterface/Steam/WB_InviteRequest.uasset	3394	narrow	Slide	Border_1		
8d14aa2253a0	legacy_ui_original	KnightsEnd/Content/KnightsEnd/GameBackend/UserInterface/Steam/WB_InviteRequest.uasset	4548	narrow	TextBlock_InviteFrom	Invite From	Приглашение от	
cfaab8a327eb	legacy_ui_original	KnightsEnd/Content/KnightsEnd/GameBackend/UserInterface/Steam/WB_InviteRequest.uasset	4715	narrow	TextBlock_PlayerName	Thisi5Al0NgNam333		
cf4829e0652c	legacy_ui_original	KnightsEnd/Content/KnightsEnd/GameBackend/UserInterface/Steam/WB_InviteRequest.uasset	4955	narrow	WB_Button_Accept	Accept	Принять	
8e576674ae16	legacy_ui_original	KnightsEnd/Content/KnightsEnd/GameBackend/UserInterface/Steam/WB_InviteRequest.uasset	5053	narrow	WB_Button_Decline	Decline	Отклонить	
b4add9bf0374	legacy_ui_original	KnightsEnd/Content/KnightsEnd/GameBackend/UserInterface/Steam/WB_InviteRequest.uasset	5159	narrow	Slide_INST	Slide		
fae97becc754	legacy_ui_original	KnightsEnd/Content/KnightsEnd/GameBackend/UserInterface/Steam/WB_SteamPageLink.uasset	1097	narrow	Pulse	WB_Button		
126fe4b8eaa0	legacy_ui_original	KnightsEnd/Content/KnightsEnd/GameBackend/UserInterface/Steam/WB_SteamPageLink.uasset	1140	narrow	Pulse	WB_Button		
c5a5953566be	legacy_ui_original	KnightsEnd/Content/KnightsEnd/GameBackend/UserInterface/Steam/WB_SteamPageLink.uasset	2320	narrow	WB_Button	link text here	текст ссылки	
15f0961107e9	legacy_ui_original	KnightsEnd/Content/KnightsEnd/GameBackend/UserInterface/Steam/WB_SteamPageLink.uasset	2371	narrow	Default__WB_SteamPageLink_C	https://store.steampowered.com/app/4204530/Knights_End/		
ca0b7f93771f	legacy_ui_original	KnightsEnd/Content/KnightsEnd/GameBackend/UserInterface/Steam/WB_SteamPageLink.uasset	2479	narrow	Default__WB_SteamPageLink_C	Wishlist On Steam	В желаемое Steam	
41e841627a47	legacy_ui_original	KnightsEnd/Content/KnightsEnd/GameBackend/UserInterface/Steam/WB_SteamPageLink.uasset	2552	narrow	Pulse_INST	Pulse		
dae0cab8af6f	legacy_ui_original	KnightsEnd/Content/KnightsEnd/GameBackend/UserInterface/WB_Button.uasset	2508	narrow	Hovered	Button		
6e3d854ab465	legacy_ui_original	KnightsEnd/Content/KnightsEnd/GameBackend/UserInterface/WB_Button.uasset	2548	narrow	Hovered	Button_113		
cbf31a2e6b70	legacy_ui_original	KnightsEnd/Content/KnightsEnd/GameBackend/UserInterface/WB_Button.uasset	3819	narrow	CompiledData	bOverride_Cursor		
0434b1351af5	legacy_ui_original	KnightsEnd/Content/KnightsEnd/GameBackend/UserInterface/WB_Button.uasset	4066	narrow	TextBlock_ButtonName	Button		
612b461d836b	legacy_ui_original	KnightsEnd/Content/KnightsEnd/GameBackend/UserInterface/WB_Button.uasset	4273	narrow	Hovered_INST	Hovered		
4f4f60eb1436	legacy_ui_original	KnightsEnd/Content/KnightsEnd/GameBackend/UserInterface/WB_Button.uasset	4332	narrow	WB_Button_C	TextBlock_ButtonName		
45339e4ba3dd	legacy_ui_original	KnightsEnd/Content/KnightsEnd/GameBackend/UserInterface/WB_ControlsHint.uasset	3776	narrow	TextBlock	Use Item	Использовать предмет	
da42d511a8e3	legacy_ui_original	KnightsEnd/Content/KnightsEnd/GameBackend/UserInterface/WB_ControlsHint.uasset	3892	narrow	TextBlock	Sprint	Бег	
05864aaff040	legacy_ui_original	KnightsEnd/Content/KnightsEnd/GameBackend/UserInterface/WB_ControlsHint.uasset	3990	narrow	TextBlock	Journal	Журнал	
fab7aa3945d5	legacy_ui_original	KnightsEnd/Content/KnightsEnd/GameBackend/UserInterface/WB_ControlsHint.uasset	4107	narrow	TextBlock	Use Item	Использовать предмет	
fbb3be0d365e	legacy_ui_original	KnightsEnd/Content/KnightsEnd/GameBackend/UserInterface/WB_ControlsHint.uasset	4223	narrow	TextBlock	Toggle Lantern	Фонарь	
7505759defba	legacy_ui_original	KnightsEnd/Content/KnightsEnd/GameBackend/UserInterface/WB_ControlsHint.uasset	4327	narrow	TextBlock	Toggle Lantern	Фонарь	
8b2723cb15a9	legacy_ui_original	KnightsEnd/Content/KnightsEnd/GameBackend/UserInterface/WB_ControlsHint.uasset	4431	narrow	TextBlock	Sprint	Бег	
e0747fc0d23d	legacy_ui_original	KnightsEnd/Content/KnightsEnd/GameBackend/UserInterface/WB_ControlsHint.uasset	4527	narrow	TextBlock	Crouch	Красться	
59188d7bb225	legacy_ui_original	KnightsEnd/Content/KnightsEnd/GameBackend/UserInterface/WB_ControlsHint.uasset	4623	narrow	TextBlock	Jump	Прыжок	
0782d40b6984	legacy_ui_original	KnightsEnd/Content/KnightsEnd/GameBackend/UserInterface/WB_ControlsHint.uasset	4717	narrow	TextBlock	Toggle VOIP	Голос	
7fe0738887bf	legacy_ui_original	KnightsEnd/Content/KnightsEnd/GameBackend/UserInterface/WB_ControlsHint.uasset	4818	narrow	TextBlock	Right HotBar	Правый слот	
4dba9bf1aa27	legacy_ui_original	KnightsEnd/Content/KnightsEnd/GameBackend/UserInterface/WB_ControlsHint.uasset	4920	narrow	TextBlock	Left HotBar	Левый слот	
4058fbe70d5f	legacy_ui_original	KnightsEnd/Content/KnightsEnd/GameBackend/UserInterface/WB_ControlsHint.uasset	5021	narrow	TextBlock	Toggle VOIP	Голос	
bb42351700fc	legacy_ui_original	KnightsEnd/Content/KnightsEnd/GameBackend/UserInterface/WB_ControlsHint.uasset	5124	narrow	TextBlock	Interact	Взаимодействовать	
2e12f9340076	legacy_ui_original	KnightsEnd/Content/KnightsEnd/GameBackend/UserInterface/WB_ControlsHint.uasset	5244	narrow	TextBlock	Crouch	Красться	
7e2f3974bb18	legacy_ui_original	KnightsEnd/Content/KnightsEnd/GameBackend/UserInterface/WB_ControlsHint.uasset	5346	narrow	TextBlock	Controls	Управление	
9cc66c852ad3	legacy_ui_original	KnightsEnd/Content/KnightsEnd/GameBackend/UserInterface/WB_ControlsHint.uasset	5485	narrow	TextBlock	Drop 	Бросить 	
943557d2d414	legacy_ui_original	KnightsEnd/Content/KnightsEnd/GameBackend/UserInterface/WB_ControlsHint.uasset	5602	narrow	TextBlock	Jump	Прыжок	
bd80bca9af90	legacy_ui_original	KnightsEnd/Content/KnightsEnd/GameBackend/UserInterface/WB_ControlsHint.uasset	5700	narrow	TextBlock	[Hold To Throw]	[удерживать, чтобы метнуть]	
053b20162f4b	legacy_ui_original	KnightsEnd/Content/KnightsEnd/GameBackend/UserInterface/WB_ControlsHint.uasset	5847	narrow	TextBlock	Interact	Взаимодействовать	
58e2bbe38a24	legacy_ui_original	KnightsEnd/Content/KnightsEnd/GameBackend/UserInterface/WB_ControlsHint.uasset	5969	narrow	TextBlock	Journal	Журнал	
b6e58a2afac8	legacy_ui_original	KnightsEnd/Content/KnightsEnd/GameBackend/UserInterface/WB_ControlsHint.uasset	6086	narrow	TextBlock	Drop 	Бросить 	
c9769b637a53	legacy_ui_original	KnightsEnd/Content/KnightsEnd/GameBackend/UserInterface/WB_ControlsHint.uasset	6209	narrow	TextBlock	Controls	Управление	
60d0cd521e23	legacy_ui_original	KnightsEnd/Content/KnightsEnd/GameBackend/UserInterface/WB_ControlsHint.uasset	6350	narrow	TextBlock	[Hold To Throw]	[удерживать, чтобы метнуть]	
f1b7310405a4	legacy_ui_original	KnightsEnd/Content/KnightsEnd/GameBackend/UserInterface/WB_CoopMenu.uasset	2027	narrow	Button_Back	BACK	НАЗАД	
b345a48faf42	legacy_ui_original	KnightsEnd/Content/KnightsEnd/GameBackend/UserInterface/WB_CoopMenu.uasset	2137	narrow	Button_Host	HOST	СОЗДАТЬ	
07077a173c6d	legacy_ui_original	KnightsEnd/Content/KnightsEnd/GameBackend/UserInterface/WB_CoopMenu.uasset	2269	narrow	Button_Join	JOIN	ВОЙТИ	
971bb74445bd	legacy_ui_original	KnightsEnd/Content/KnightsEnd/GameBackend/UserInterface/WB_GameIntro.uasset	3240	narrow	FadeBorder	Border_58		
a246aa5664bf	legacy_ui_original	KnightsEnd/Content/KnightsEnd/GameBackend/UserInterface/WB_GameIntro.uasset	3283	narrow	FadeBorder	Border_58		
aa84ee847f8d	legacy_ui_original	KnightsEnd/Content/KnightsEnd/GameBackend/UserInterface/WB_GameIntro.uasset	3391	narrow	FadeText	WidgetSwitcher_NextText		
8797259d7f05	legacy_ui_original	KnightsEnd/Content/KnightsEnd/GameBackend/UserInterface/WB_GameIntro.uasset	3448	narrow	FadeText	WidgetSwitcher_112		
7718220ebe07	legacy_ui_original	KnightsEnd/Content/KnightsEnd/GameBackend/UserInterface/WB_GameIntro.uasset	3565	narrow	NextTextFade	WidgetSwitcher_NextText		
89803c148f13	legacy_ui_original	KnightsEnd/Content/KnightsEnd/GameBackend/UserInterface/WB_GameIntro.uasset	3622	narrow	NextTextFade	WidgetSwitcher_112		
4259d33e065e	legacy_ui_original	KnightsEnd/Content/KnightsEnd/GameBackend/UserInterface/WB_GameIntro.uasset	5257	narrow	TextBlock	PHOTOSENSITIVITY WARNING	ОСТОРОЖНО: ВСПЫШКИ	
cf0b2dcc4ecb	legacy_ui_original	KnightsEnd/Content/KnightsEnd/GameBackend/UserInterface/WB_GameIntro.uasset	5398	narrow	TextBlock	A Game By 	Игра от 	
e49a94362b84	legacy_ui_original	KnightsEnd/Content/KnightsEnd/GameBackend/UserInterface/WB_GameIntro.uasset	5525	narrow	TextBlock	Knight Shift Studios		 skipped: unstable binary match
8b44933a8341	legacy_ui_original	KnightsEnd/Content/KnightsEnd/GameBackend/UserInterface/WB_GameIntro.uasset	5669	narrow	TextBlock_Hint	You may encounter flashing lights or visuals while playing this game.	В игре могут встречаться вспышки света и резкие визуальные эффекты.	
2640193ef2fc	legacy_ui_original	KnightsEnd/Content/KnightsEnd/GameBackend/UserInterface/WB_GameIntro.uasset	5998	narrow	FadeBorder_INST	FadeBorder		
a4666b19c393	legacy_ui_original	KnightsEnd/Content/KnightsEnd/GameBackend/UserInterface/WB_GameIntro.uasset	6082	narrow	FadeText_INST	FadeText		
28e70d35dbeb	legacy_ui_original	KnightsEnd/Content/KnightsEnd/GameBackend/UserInterface/WB_GameIntro.uasset	6164	narrow	NextTextFade_INST	NextTextFade		
066fdf0fba42	legacy_ui_original	KnightsEnd/Content/KnightsEnd/GameBackend/UserInterface/WB_Hint_Interaction.uasset	2718	narrow	Fade	CanvasPanel_33		
a96084c5cdf1	legacy_ui_original	KnightsEnd/Content/KnightsEnd/GameBackend/UserInterface/WB_Hint_Interaction.uasset	2766	narrow	Fade	CanvasPanel_33		
100e1388b2de	legacy_ui_original	KnightsEnd/Content/KnightsEnd/GameBackend/UserInterface/WB_Hint_Interaction.uasset	3371	narrow	TextBlock	Finish Quest	Завершить задание	
4d7c2cbb6485	legacy_ui_original	KnightsEnd/Content/KnightsEnd/GameBackend/UserInterface/WB_Hint_Interaction.uasset	3492	narrow	Default__WB_Hint_Interaction_C	Finish Quest	Завершить задание	
c987b55cb503	legacy_ui_original	KnightsEnd/Content/KnightsEnd/GameBackend/UserInterface/WB_Hint_Interaction.uasset	3581	narrow	Default__WB_Hint_Interaction_C	Finish Quest	Завершить задание	
bf0543ebd68a	legacy_ui_original	KnightsEnd/Content/KnightsEnd/GameBackend/UserInterface/WB_Hint_Interaction.uasset	3647	narrow	Fade_INST	Fade		
73a8cafcb9a5	legacy_ui_original	KnightsEnd/Content/KnightsEnd/GameBackend/UserInterface/WB_Hint_Interaction.uasset	3701	narrow	WB_Hint_Interaction_C	TextBlock_231		
93948bab2c0a	legacy_ui_original	KnightsEnd/Content/KnightsEnd/GameBackend/UserInterface/WB_Hint_Journal.uasset	2015	narrow	Slide	HorizontalBox_164		
9bca0e51d9b9	legacy_ui_original	KnightsEnd/Content/KnightsEnd/GameBackend/UserInterface/WB_Hint_Journal.uasset	2066	narrow	Slide	HorizontalBox_164		
3af04abe2499	legacy_ui_original	KnightsEnd/Content/KnightsEnd/GameBackend/UserInterface/WB_Hint_Journal.uasset	3158	narrow	TextBlock_UseAction	Use	Использовать	
e7f9d3553dec	legacy_ui_original	KnightsEnd/Content/KnightsEnd/GameBackend/UserInterface/WB_Hint_Journal.uasset	3268	narrow	Default__WB_Hint_Journal_C	Next Page	След. страница	
8850270410e6	legacy_ui_original	KnightsEnd/Content/KnightsEnd/GameBackend/UserInterface/WB_Hint_Journal.uasset	3333	narrow	Slide_INST	Slide		
c0416ebf43be	legacy_ui_original	KnightsEnd/Content/KnightsEnd/GameBackend/UserInterface/WB_Hint_Journal.uasset	3388	narrow	WB_Hint_Journal_C	TextBlock_UseAction		
5597b6b18b16	legacy_ui_original	KnightsEnd/Content/KnightsEnd/GameBackend/UserInterface/WB_Hint_Journal.uasset	3452	narrow	WB_Hint_Journal_C	Image_KeyPress		
100351cc52ab	legacy_ui_original	KnightsEnd/Content/KnightsEnd/GameBackend/UserInterface/WB_Hint_Lantern.uasset	1651	narrow	Slide	HorizontalBox_164		
9794bc1de965	legacy_ui_original	KnightsEnd/Content/KnightsEnd/GameBackend/UserInterface/WB_Hint_Lantern.uasset	1702	narrow	Slide	HorizontalBox_164		
569b728a3980	legacy_ui_original	KnightsEnd/Content/KnightsEnd/GameBackend/UserInterface/WB_Hint_Lantern.uasset	2792	narrow	TextBlock	Lantern	Фонарь	
28ea6bc6cb9c	legacy_ui_original	KnightsEnd/Content/KnightsEnd/GameBackend/UserInterface/WB_Hint_Lantern.uasset	2907	narrow	Slide_INST	Slide		
7570a05e1421	legacy_ui_original	KnightsEnd/Content/KnightsEnd/GameBackend/UserInterface/WB_Hint_Lantern.uasset	2962	narrow	WB_Hint_Lantern_C	Image_120		
09ca6ed5e822	legacy_ui_original	KnightsEnd/Content/KnightsEnd/GameBackend/UserInterface/WB_Hint_Right_Use.uasset	2567	narrow	Slide	HorizontalBox_164		
08e69357f27a	legacy_ui_original	KnightsEnd/Content/KnightsEnd/GameBackend/UserInterface/WB_Hint_Right_Use.uasset	2618	narrow	Slide	HorizontalBox_164		
ab0c7189307e	legacy_ui_original	KnightsEnd/Content/KnightsEnd/GameBackend/UserInterface/WB_Hint_Right_Use.uasset	3710	narrow	TextBlock_UseAction	Use	Использовать	
650d8416c347	legacy_ui_original	KnightsEnd/Content/KnightsEnd/GameBackend/UserInterface/WB_Hint_Right_Use.uasset	3820	narrow	Default__WB_Hint_Right_Use_C	Use	Использовать	
f6e0519c655b	legacy_ui_original	KnightsEnd/Content/KnightsEnd/GameBackend/UserInterface/WB_Hint_Right_Use.uasset	3887	narrow	Slide_INST	Slide		
2b0fb2a75580	legacy_ui_original	KnightsEnd/Content/KnightsEnd/GameBackend/UserInterface/WB_Hint_Right_Use.uasset	3942	narrow	WB_Hint_Right_Use_C	TextBlock_UseAction		
af6687489318	legacy_ui_original	KnightsEnd/Content/KnightsEnd/GameBackend/UserInterface/WB_Hint_Right_Use.uasset	4006	narrow	WB_Hint_Right_Use_C	Image_KeyPress		
055e7a27a902	legacy_ui_original	KnightsEnd/Content/KnightsEnd/GameBackend/UserInterface/WB_JoinList_ServerInfo.uasset	7537	narrow	Get_PingText_Text	Ping		
024a9c80f0d9	legacy_ui_original	KnightsEnd/Content/KnightsEnd/GameBackend/UserInterface/WB_JoinList_ServerInfo.uasset	10163	narrow	PingText	Ping		
d505973f88c0	legacy_ui_original	KnightsEnd/Content/KnightsEnd/GameBackend/UserInterface/WB_JoinList_ServerInfo.uasset	10288	narrow	TextBlock	Server Name	Имя сервера	
55b67981bbdf	legacy_ui_original	KnightsEnd/Content/KnightsEnd/GameBackend/UserInterface/WB_JoinList_ServerInfo.uasset	10420	narrow	Button_Join	JOIN	ВОЙТИ	
97483d63c449	legacy_ui_original	KnightsEnd/Content/KnightsEnd/GameBackend/UserInterface/WB_JoinList_ServerInfo.uasset	10512	narrow	WB_JoinList_ServerInfo_C	MaxPlayersText		
24a74c75bc79	legacy_ui_original	KnightsEnd/Content/KnightsEnd/GameBackend/UserInterface/WB_JoinList_ServerInfo.uasset	10571	narrow	WB_JoinList_ServerInfo_C	PingText		
d48ef541e540	legacy_ui_original	KnightsEnd/Content/KnightsEnd/GameBackend/UserInterface/WB_JoinList_ServerInfo.uasset	10624	narrow	WB_JoinList_ServerInfo_C	TextBlock_110		
a1fa56d10df6	legacy_ui_original	KnightsEnd/Content/KnightsEnd/GameBackend/UserInterface/WB_JoinMenu.uasset	4324	narrow	TextBlock	L.A.N	Локальная сеть	
462da372b35b	legacy_ui_original	KnightsEnd/Content/KnightsEnd/GameBackend/UserInterface/WB_JoinMenu.uasset	4457	narrow	TextBlock	Join Game	Войти в игру	
60665dd0352a	legacy_ui_original	KnightsEnd/Content/KnightsEnd/GameBackend/UserInterface/WB_JoinMenu.uasset	4811	narrow	Button_Back	BACK	НАЗАД	
aa1e8f171e3a	legacy_ui_original	KnightsEnd/Content/KnightsEnd/GameBackend/UserInterface/WB_JoinMenu.uasset	4915	narrow	Button_Refresh	REFRESH	ОБНОВИТЬ	
3087da05bb7f	legacy_ui_original	KnightsEnd/Content/KnightsEnd/GameBackend/UserInterface/WB_JoinMenu.uasset	4990	narrow	WB_JoinMenu_C	CheckBox_87		
613d58c47843	legacy_ui_original	KnightsEnd/Content/KnightsEnd/GameBackend/UserInterface/WB_LoadingScreen.uasset	2175	narrow	ExecuteUbergraph_WB_LoadingScreen	Text		
685d039f23cd	legacy_ui_original	KnightsEnd/Content/KnightsEnd/GameBackend/UserInterface/WB_LoadingScreen.uasset	3053	narrow	Fade	TextBlock_Hint		
71c2d6381fb3	legacy_ui_original	KnightsEnd/Content/KnightsEnd/GameBackend/UserInterface/WB_LoadingScreen.uasset	3113	narrow	Fade	TextBlock		
ba81b0b310c2	legacy_ui_original	KnightsEnd/Content/KnightsEnd/GameBackend/UserInterface/WB_LoadingScreen.uasset	3168	narrow	Fade	CanvasPanel_33		
125baddb4825	legacy_ui_original	KnightsEnd/Content/KnightsEnd/GameBackend/UserInterface/WB_LoadingScreen.uasset	3216	narrow	Fade	TextBlock_191		
09ec8e7ffea5	legacy_ui_original	KnightsEnd/Content/KnightsEnd/GameBackend/UserInterface/WB_LoadingScreen.uasset	3260	narrow	Fade	TextBlock		
44699e8d413a	legacy_ui_original	KnightsEnd/Content/KnightsEnd/GameBackend/UserInterface/WB_LoadingScreen.uasset	3300	narrow	Fade	CanvasPanel_33		
2c3b5b5dd221	legacy_ui_original	KnightsEnd/Content/KnightsEnd/GameBackend/UserInterface/WB_LoadingScreen.uasset	3413	narrow	FadeFast	TextBlock		
fd472531f280	legacy_ui_original	KnightsEnd/Content/KnightsEnd/GameBackend/UserInterface/WB_LoadingScreen.uasset	3468	narrow	FadeFast	CanvasPanel_33		
cc5d23bf2623	legacy_ui_original	KnightsEnd/Content/KnightsEnd/GameBackend/UserInterface/WB_LoadingScreen.uasset	3528	narrow	FadeFast	TextBlock_Hint		
e69971fae503	legacy_ui_original	KnightsEnd/Content/KnightsEnd/GameBackend/UserInterface/WB_LoadingScreen.uasset	3576	narrow	FadeFast	TextBlock		
5de603b15475	legacy_ui_original	KnightsEnd/Content/KnightsEnd/GameBackend/UserInterface/WB_LoadingScreen.uasset	3616	narrow	FadeFast	CanvasPanel_33		
fbbec5656703	legacy_ui_original	KnightsEnd/Content/KnightsEnd/GameBackend/UserInterface/WB_LoadingScreen.uasset	3661	narrow	FadeFast	TextBlock_191		
ed9542cf56a7	legacy_ui_original	KnightsEnd/Content/KnightsEnd/GameBackend/UserInterface/WB_LoadingScreen.uasset	3773	narrow	TextPulse	TextBlock		
58f7b398d31a	legacy_ui_original	KnightsEnd/Content/KnightsEnd/GameBackend/UserInterface/WB_LoadingScreen.uasset	3816	narrow	TextPulse	TextBlock		
85755b572a10	legacy_ui_original	KnightsEnd/Content/KnightsEnd/GameBackend/UserInterface/WB_LoadingScreen.uasset	6988	narrow	TextBlock	LOADING	ЗАГРУЗКА	
991b164ba8d8	legacy_ui_original	KnightsEnd/Content/KnightsEnd/GameBackend/UserInterface/WB_LoadingScreen.uasset	7115	narrow	TextBlock_Hint	"""Running isn't always the best option
But its a pretty good one"""	"""Бег не всегда лучший выбор
Но часто он спасает"""	
e1cc69400531	legacy_ui_original	KnightsEnd/Content/KnightsEnd/GameBackend/UserInterface/WB_LoadingScreen.uasset	7431	narrow	Fade_INST	Fade		
af3a4b530d6f	legacy_ui_original	KnightsEnd/Content/KnightsEnd/GameBackend/UserInterface/WB_LoadingScreen.uasset	7563	narrow	FadeFast_INST	FadeFast		
2ac05c0c0b9e	legacy_ui_original	KnightsEnd/Content/KnightsEnd/GameBackend/UserInterface/WB_LoadingScreen.uasset	7645	narrow	TextPulse_INST	TextPulse		
fe5d72e238e3	legacy_ui_original	KnightsEnd/Content/KnightsEnd/GameBackend/UserInterface/WB_LoadSaveMenu.uasset	12254	narrow	TextBlock	Friends Only	Только друзья	
4368d2912cc3	legacy_ui_original	KnightsEnd/Content/KnightsEnd/GameBackend/UserInterface/WB_LoadSaveMenu.uasset	12394	narrow	TextBlock	Permanently Delete Save?	Удалить сохранение навсегда?	
f3d42d383795	legacy_ui_original	KnightsEnd/Content/KnightsEnd/GameBackend/UserInterface/WB_LoadSaveMenu.uasset	12531	narrow	TextBlock	Max Players	Макс. игроков	
c259397e5bdb	legacy_ui_original	KnightsEnd/Content/KnightsEnd/GameBackend/UserInterface/WB_LoadSaveMenu.uasset	12670	narrow	TextBlock	L.A.N	Локальная сеть	
8ddae3bda234	legacy_ui_original	KnightsEnd/Content/KnightsEnd/GameBackend/UserInterface/WB_LoadSaveMenu.uasset	12809	narrow	TextBlock_Demo	[ Saving is Disabled in Demo ]	[ сохранение отключено в демо ]	
d8f5ca8a792c	legacy_ui_original	KnightsEnd/Content/KnightsEnd/GameBackend/UserInterface/WB_LoadSaveMenu.uasset	13146	narrow	TextBlock_Title	Load Game	Загрузить игру	
e2af11e64c0d	legacy_ui_original	KnightsEnd/Content/KnightsEnd/GameBackend/UserInterface/WB_LoadSaveMenu.uasset	13713	narrow	Button_Back_DeleteSavePrompt	No, Go Back	Нет, назад	
c7acf1950251	legacy_ui_original	KnightsEnd/Content/KnightsEnd/GameBackend/UserInterface/WB_LoadSaveMenu.uasset	13814	narrow	Button_Delete_DeleteSavePrompt	Delete	Удалить	
0a0692b0b6f7	legacy_ui_original	KnightsEnd/Content/KnightsEnd/GameBackend/UserInterface/WB_LoadSaveMenu.uasset	14130	narrow	WB_LoadSlot_01	Save 01	Слот 01	
24c121460400	legacy_ui_original	KnightsEnd/Content/KnightsEnd/GameBackend/UserInterface/WB_LoadSaveMenu.uasset	14210	narrow	WB_LoadSlot_02	Save 02	Слот 02	
a156e689dce3	legacy_ui_original	KnightsEnd/Content/KnightsEnd/GameBackend/UserInterface/WB_LoadSaveMenu.uasset	14222	narrow	WB_LoadSlot_02	Save02		
01b18e0171cb	legacy_ui_original	KnightsEnd/Content/KnightsEnd/GameBackend/UserInterface/WB_LoadSaveMenu.uasset	14298	narrow	WB_LoadSlot_03	Save 03	Слот 03	
f250fea9ab09	legacy_ui_original	KnightsEnd/Content/KnightsEnd/GameBackend/UserInterface/WB_LoadSaveMenu.uasset	14310	narrow	WB_LoadSlot_03	Save03		
f816201e5ca6	legacy_ui_original	KnightsEnd/Content/KnightsEnd/GameBackend/UserInterface/WB_LoadSaveMenu.uasset	14352	narrow	WB_LoadSaveMenu_C	TextBlock_MaxPlayerCount		
82496a9e3d6d	legacy_ui_original	KnightsEnd/Content/KnightsEnd/GameBackend/UserInterface/WB_LoadSlot.uasset	2919	narrow	TextBlock	UMG		
0a79221affc7	legacy_ui_original	KnightsEnd/Content/KnightsEnd/GameBackend/UserInterface/WB_LoadSlot.uasset	2927	narrow	TextBlock	TextBlockDefaultValue		
728f29c88ff8	legacy_ui_original	KnightsEnd/Content/KnightsEnd/GameBackend/UserInterface/WB_LoadSlot.uasset	2953	narrow	TextBlock	Text Block		
f79b9525973d	legacy_ui_original	KnightsEnd/Content/KnightsEnd/GameBackend/UserInterface/WB_LoadSlot.uasset	3076	narrow	TextBlock_Night	Night 	Ночь 	
9646d9bca14d	legacy_ui_original	KnightsEnd/Content/KnightsEnd/GameBackend/UserInterface/WB_LoadSlot.uasset	3313	narrow	Button_Load	Load	Загрузить	
e5d928ee0f51	legacy_ui_original	KnightsEnd/Content/KnightsEnd/GameBackend/UserInterface/WB_LoadSlot.uasset	3433	narrow	WB_Button_Delete	Delete	Удалить	
a6690ee9ac63	legacy_ui_original	KnightsEnd/Content/KnightsEnd/GameBackend/UserInterface/WB_LoadSlot.uasset	3545	narrow	Default__WB_LoadSlot_C	Save 0	Слот 0	
2e1e96773e97	legacy_ui_original	KnightsEnd/Content/KnightsEnd/GameBackend/UserInterface/WB_LoadSlot.uasset	3572	narrow	Default__WB_LoadSlot_C	Save01		
c3ace2ea515d	legacy_ui_original	KnightsEnd/Content/KnightsEnd/GameBackend/UserInterface/WB_PauseMenu.uasset	5920	narrow	Button_Back	Back	Назад	
370ab39ba0d8	legacy_ui_original	KnightsEnd/Content/KnightsEnd/GameBackend/UserInterface/WB_PauseMenu.uasset	6020	narrow	Button_NoQuitGame	No, Go Back	Нет, назад	
12afa08c9f37	legacy_ui_original	KnightsEnd/Content/KnightsEnd/GameBackend/UserInterface/WB_PauseMenu.uasset	6139	narrow	Button_Quit	Quit	ВЫХОД	
7d228de24062	legacy_ui_original	KnightsEnd/Content/KnightsEnd/GameBackend/UserInterface/WB_PauseMenu.uasset	6281	narrow	Button_Settings	Settings	НАСТРОЙКИ	
e57cfb7479ff	legacy_ui_original	KnightsEnd/Content/KnightsEnd/GameBackend/UserInterface/WB_PauseMenu.uasset	6397	narrow	Button_YesQuitGame	Yes, QUIT	Да, выйти	
af7a4930be5b	legacy_ui_original	KnightsEnd/Content/KnightsEnd/GameBackend/UserInterface/WB_SettingsMenu.uasset	44426	narrow	f	VOIP	Голос	
d5f5fd795d1e	legacy_ui_original	KnightsEnd/Content/KnightsEnd/GameBackend/UserInterface/WB_SettingsMenu.uasset	44565	narrow	f	Mic Gain	Громкость микрофона	
6f261e22f97f	legacy_ui_original	KnightsEnd/Content/KnightsEnd/GameBackend/UserInterface/WB_SettingsMenu.uasset	44708	narrow	f	Mic Gate	Порог микрофона	
63a6609baec9	legacy_ui_original	KnightsEnd/Content/KnightsEnd/GameBackend/UserInterface/WB_SettingsMenu.uasset	44851	narrow	f	Device	Устройство	
cd80c0f569cf	legacy_ui_original	KnightsEnd/Content/KnightsEnd/GameBackend/UserInterface/WB_SettingsMenu.uasset	44992	narrow	TextBlock	Game	Игра	
818203c492ff	legacy_ui_original	KnightsEnd/Content/KnightsEnd/GameBackend/UserInterface/WB_SettingsMenu.uasset	45241	narrow	TextBlock	Mic Input	Вход микрофона	
6b1b106a7232	legacy_ui_original	KnightsEnd/Content/KnightsEnd/GameBackend/UserInterface/WB_SettingsMenu.uasset	45388	narrow	TextBlock	Render Scale	Масштаб рендера	
ddad70f42e93	legacy_ui_original	KnightsEnd/Content/KnightsEnd/GameBackend/UserInterface/WB_SettingsMenu.uasset	45648	narrow	TextBlock	Framerate Limit	Лимит кадров	
cc57e78c85fc	legacy_ui_original	KnightsEnd/Content/KnightsEnd/GameBackend/UserInterface/WB_SettingsMenu.uasset	45911	narrow	TextBlock	Resolution	Разрешение	
cfbd19032902	legacy_ui_original	KnightsEnd/Content/KnightsEnd/GameBackend/UserInterface/WB_SettingsMenu.uasset	46056	narrow	TextBlock	V-Sync	Верт. синхр.	
3a6b1bd06b29	legacy_ui_original	KnightsEnd/Content/KnightsEnd/GameBackend/UserInterface/WB_SettingsMenu.uasset	46193	narrow	TextBlock	OFF	ВЫКЛ	
aaf793af5750	legacy_ui_original	KnightsEnd/Content/KnightsEnd/GameBackend/UserInterface/WB_SettingsMenu.uasset	46310	narrow	TextBlock	Fullscreen	Полный экран	
41dedb399d02	legacy_ui_original	KnightsEnd/Content/KnightsEnd/GameBackend/UserInterface/WB_SettingsMenu.uasset	46453	narrow	TextBlock	Camera Shake	Тряска камеры	
d70c7f6bf880	legacy_ui_original	KnightsEnd/Content/KnightsEnd/GameBackend/UserInterface/WB_SettingsMenu.uasset	46704	narrow	TextBlock	Settings	НАСТРОЙКИ	
4dc10749de11	legacy_ui_original	KnightsEnd/Content/KnightsEnd/GameBackend/UserInterface/WB_SettingsMenu.uasset	46960	narrow	TextBlock	Mouse Sensitivity	Чувствительность мыши	
d74f217cc890	legacy_ui_original	KnightsEnd/Content/KnightsEnd/GameBackend/UserInterface/WB_SettingsMenu.uasset	47107	narrow	TextBlock	Music	Музыка	
4d17808fe91c	legacy_ui_original	KnightsEnd/Content/KnightsEnd/GameBackend/UserInterface/WB_SettingsMenu.uasset	47357	narrow	TextBlock	Brightness	Яркость	
2b87a10c02b1	legacy_ui_original	KnightsEnd/Content/KnightsEnd/GameBackend/UserInterface/WB_SettingsMenu.uasset	47495	narrow	TextBlock	Quality	Качество	
507023404708	legacy_ui_original	KnightsEnd/Content/KnightsEnd/GameBackend/UserInterface/WB_SettingsMenu.uasset	47971	narrow	TextBlock	Sound	Звук	
94a46abd5b36	legacy_ui_original	KnightsEnd/Content/KnightsEnd/GameBackend/UserInterface/WB_SettingsMenu.uasset	48223	narrow	TextBlock_Fullscreenhint	Fullscreen	Полный экран	
2fb133b81f69	legacy_ui_original	KnightsEnd/Content/KnightsEnd/GameBackend/UserInterface/WB_SettingsMenu.uasset	49030	narrow	Button_Back	BACK	НАЗАД	
767199cffb52	legacy_ui_original	KnightsEnd/Content/KnightsEnd/GameBackend/UserInterface/WB_SettingsMenu.uasset	49124	narrow	WB_Button_High	HIGH	ВЫСОКО	
0d14f74c1e04	legacy_ui_original	KnightsEnd/Content/KnightsEnd/GameBackend/UserInterface/WB_SettingsMenu.uasset	49244	narrow	WB_Button_High	CUSTOM	СВОЕ	
b4a6dc1ce514	legacy_ui_original	KnightsEnd/Content/KnightsEnd/GameBackend/UserInterface/WB_SettingsMenu.uasset	49364	narrow	WB_Button_Low	low	низко	
e808382a20bd	legacy_ui_original	KnightsEnd/Content/KnightsEnd/GameBackend/UserInterface/WB_SettingsMenu.uasset	49442	narrow	WB_Button_Medium	MEDIUM	СРЕДНЕ	
a68086b1593b	legacy_ui_original	KnightsEnd/Content/KnightsEnd/GameBackend/UserInterface/WB_SettingsMenu.uasset	49563	narrow	WB_SettingsMenu_C	TextBlock_1		
4d11a75134bd	legacy_ui_original	KnightsEnd/Content/KnightsEnd/GameBackend/UserInterface/WB_SettingsMenu.uasset	49619	narrow	WB_SettingsMenu_C	TextBlock_5		
48778037991c	legacy_ui_original	KnightsEnd/Content/KnightsEnd/GameBackend/UserInterface/WB_SettingsMenu.uasset	49675	narrow	WB_SettingsMenu_C	TextBlock_3		
85bf038daa39	legacy_ui_original	KnightsEnd/Content/KnightsEnd/GameBackend/UserInterface/WB_SettingsMenu.uasset	49731	narrow	WB_SettingsMenu_C	TextBlock_192		
8c2a7b7a1aba	legacy_ui_original	KnightsEnd/Content/KnightsEnd/GameBackend/UserInterface/WB_SettingsMenu.uasset	49789	narrow	WB_SettingsMenu_C	TextBlock_7		
04292da68502	legacy_ui_original	KnightsEnd/Content/KnightsEnd/GameBackend/UserInterface/WB_SettingsMenu.uasset	49845	narrow	WB_SettingsMenu_C	Slider_Brightness		
142d222acc41	legacy_ui_original	KnightsEnd/Content/KnightsEnd/GameBackend/UserInterface/WB_SettingsMenu.uasset	49900	narrow	WB_SettingsMenu_C	TextBlock_8		
434a9b25ef62	legacy_ui_original	KnightsEnd/Content/KnightsEnd/GameBackend/UserInterface/WB_SettingsMenu.uasset	49956	narrow	WB_SettingsMenu_C	TextBlock_9		
ebde275fb203	legacy_ui_original	KnightsEnd/Content/KnightsEnd/GameBackend/UserInterface/WB_SettingsMenu.uasset	50012	narrow	WB_SettingsMenu_C	TextBlock_12		
0b445906bfe0	legacy_ui_original	KnightsEnd/Content/KnightsEnd/GameBackend/UserInterface/WB_SettingsMenu.uasset	50069	narrow	WB_SettingsMenu_C	TextBlock_14		
ce1012125a08	legacy_ui_original	KnightsEnd/Content/KnightsEnd/GameBackend/UserInterface/WB_SettingsMenu.uasset	50126	narrow	WB_SettingsMenu_C	TextBlock_17		
d339f30cf735	legacy_ui_original	KnightsEnd/Content/KnightsEnd/GameBackend/UserInterface/WB_SettingsMenu.uasset	50183	narrow	WB_SettingsMenu_C	TextBlock_camerashakevalue		
1a9dbad668e3	legacy_ui_original	KnightsEnd/Content/KnightsEnd/GameBackend/UserInterface/WB_SoloMenu.uasset	1714	narrow	Button_Back	BACK	НАЗАД	
642998a561fc	legacy_item_original	KnightsEnd/Content/KnightsEnd/Blueprints/Interactables/C_SwingItem.uasset	14290	narrow	ExecuteUbergraph_C_SwingItem	"'ML+	"		
6f1694fcb06e	legacy_item_original	KnightsEnd/Content/KnightsEnd/Blueprints/Interactables/Doors/BP_Core_Door.uasset	2270	narrow	BP_Core_Door_C	"((Interface=""/Script/Engine.BlueprintGeneratedClass'/Game/KnightsEnd/Blueprints/Interactables/Doors/BPI_Door.BPI_Door_C'""),(Interface=""/Script/Engine.BlueprintGeneratedClass'/Game/KnightsEnd/GameBackend/Systems/BPI_GameStateEvents.BPI_GameStateEvents_C'""))"		
b4400c29496a	legacy_item_original	KnightsEnd/Content/KnightsEnd/Blueprints/Interactables/Doors/BP_Door_Castle.uasset	791	narrow	BP_Door_Castle_C	"((Interface=""/Script/Engine.BlueprintGeneratedClass'/Game/KnightsEnd/GameBackend/GameModes/Gameplay/Interfaces/BPI_QuestReturnDoor.BPI_QuestReturnDoor_C'""))"		
7d34f425027a	legacy_item_original	KnightsEnd/Content/KnightsEnd/Blueprints/Interactables/Doors/E_DoorOpeningRotation.uasset	69	narrow	E_DoorOpeningRotation	OnlyClockwise	Только по часовой	
fefa2e1182e7	legacy_item_original	KnightsEnd/Content/KnightsEnd/Blueprints/Interactables/Doors/E_DoorOpeningRotation.uasset	142	narrow	E_DoorOpeningRotation	OnlyCounterClockwise	Только против часовой	
a852beb2c68b	legacy_item_original	KnightsEnd/Content/KnightsEnd/Blueprints/Interactables/Doors/E_DoorOpeningRotation.uasset	222	narrow	E_DoorOpeningRotation	BothDirections	В обе стороны	
3735edb8404c	legacy_item_original	KnightsEnd/Content/KnightsEnd/Blueprints/Interactables/Doors/E_DoorState.uasset	69	narrow	E_DoorState	OpenClockwise	Открыто по часовой	
98548855806e	legacy_item_original	KnightsEnd/Content/KnightsEnd/Blueprints/Interactables/Doors/E_DoorState.uasset	142	narrow	E_DoorState	Closed	Закрыто	
b32917c7eb6e	legacy_item_original	KnightsEnd/Content/KnightsEnd/Blueprints/Interactables/Doors/E_DoorState.uasset	208	narrow	E_DoorState	OpenCounterClockwise	Открыто против часовой	
b3582e361a10	legacy_item_original	KnightsEnd/Content/KnightsEnd/Blueprints/Interactables/EquipableItems/BP_Crossbow.uasset	813	narrow	BP_Crossbow_C	"((Interface=""/Script/Engine.BlueprintGeneratedClass'/Game/KnightsEnd/GameBackend/Systems/BPI_GameStateEvents.BPI_GameStateEvents_C'""))"		
0ab7c9f9f91a	legacy_item_original	KnightsEnd/Content/KnightsEnd/Blueprints/Interactables/EquipableItems/BP_Fire_DMG.uasset	10083	utf16	ExecuteUbergraph_BP_Fire_DMG	䴖ď		
0a4684031859	legacy_item_original	KnightsEnd/Content/KnightsEnd/Blueprints/Interactables/EquipableItems/BP_GOOJuice.uasset	955	utf16	GetID	଄S䈀		
81bf6e142e16	legacy_item_original	KnightsEnd/Content/KnightsEnd/Blueprints/Interactables/EquipableItems/BP_Lantern.uasset	1634	narrow	BP_Lantern_C	"((Interface=""/Script/Engine.BlueprintGeneratedClass'/Game/KnightsEnd/GameBackend/Systems/BPI_GameStateEvents.BPI_GameStateEvents_C'""))"		
18e6cb884cdc	legacy_item_original	KnightsEnd/Content/KnightsEnd/Blueprints/Interactables/EquipableItems/BP_Lantern.uasset	2077	narrow	Default__BP_Lantern_C	Lantern	Фонарь	
af6b720874ac	legacy_item_original	KnightsEnd/Content/KnightsEnd/Blueprints/Interactables/EquipableItems/BP_Lantern.uasset	2136	narrow	Default__BP_Lantern_C	IT BURNS!	ЖЖЕТ!	
046e6285cd6a	legacy_item_original	KnightsEnd/Content/KnightsEnd/Blueprints/Interactables/EquipableItems/BP_LanternBLUE.uasset	1685	narrow	BP_LanternBLUE_C	"((Interface=""/Script/Engine.BlueprintGeneratedClass'/Game/KnightsEnd/GameBackend/Systems/BPI_GameStateEvents.BPI_GameStateEvents_C'""))"		
8834e0aad857	legacy_item_original	KnightsEnd/Content/KnightsEnd/Blueprints/Interactables/EquipableItems/BP_LanternBLUE.uasset	2128	narrow	Default__BP_LanternBLUE_C	Lantern	Фонарь	
291ef907438a	legacy_item_original	KnightsEnd/Content/KnightsEnd/Blueprints/Interactables/EquipableItems/BP_LanternBLUE.uasset	2187	narrow	Default__BP_LanternBLUE_C	IT BURNS!	ЖЖЕТ!	
046e6285cd6a	legacy_item_original	KnightsEnd/Content/KnightsEnd/Blueprints/Interactables/EquipableItems/BP_LanternRED.uasset	1685	narrow	BP_LanternRED_C	"((Interface=""/Script/Engine.BlueprintGeneratedClass'/Game/KnightsEnd/GameBackend/Systems/BPI_GameStateEvents.BPI_GameStateEvents_C'""))"		
8834e0aad857	legacy_item_original	KnightsEnd/Content/KnightsEnd/Blueprints/Interactables/EquipableItems/BP_LanternRED.uasset	2128	narrow	Default__BP_LanternRED_C	Lantern	Фонарь	
291ef907438a	legacy_item_original	KnightsEnd/Content/KnightsEnd/Blueprints/Interactables/EquipableItems/BP_LanternRED.uasset	2187	narrow	Default__BP_LanternRED_C	IT BURNS!	ЖЖЕТ!	
e82088d43489	legacy_item_original	KnightsEnd/Content/KnightsEnd/Blueprints/Interactables/EquipableItems/BP_MagicStaff.uasset	1492	narrow	BP_MagicStaff_C	"((Interface=""/Script/Engine.BlueprintGeneratedClass'/Game/KnightsEnd/GameBackend/Systems/BPI_GameStateEvents.BPI_GameStateEvents_C'""))"		
197bb7775b49	legacy_item_original	KnightsEnd/Content/KnightsEnd/Blueprints/Interactables/EquipableItems/BP_MagicStaff.uasset	10132	utf16	ExecuteUbergraph_BP_MagicStaff	ᥟā		
3a22bc63d1fa	legacy_item_original	KnightsEnd/Content/KnightsEnd/Blueprints/Interactables/EquipableItems/BP_Quest_MeatLeg.uasset	3191	utf16	GetID	଄S䈀		
76a4b03b2319	legacy_item_original	KnightsEnd/Content/KnightsEnd/Blueprints/Interactables/EquipableItems/BP_Quest_MeatLeg_Stinky.uasset	3089	utf16	GetID	଄S䈀		
7a3af2218392	legacy_item_original	KnightsEnd/Content/KnightsEnd/Blueprints/Interactables/EquipableItems/BP_StaminaPotion_Niagara.uasset	821	utf16	GetID	଄S䈀		
14206585b2cc	legacy_item_original	KnightsEnd/Content/KnightsEnd/Blueprints/Interactables/EquipableItems/BP_WineBottle.uasset	885	utf16	GetID	଄S䈀		
edfb95e576eb	legacy_item_original	KnightsEnd/Content/KnightsEnd/Blueprints/Interactables/EquipableItems/Traps/BP_BearTrap.uasset	2389	narrow	BP_BearTrap_C	"((Interface=""/Script/Engine.BlueprintGeneratedClass'/Game/KnightsEnd/GameBackend/Systems/BPI_GameStateEvents.BPI_GameStateEvents_C'""))"		
e8922b1baecd	legacy_item_original	KnightsEnd/Content/KnightsEnd/Blueprints/Interactables/EquipableItems/Traps/BP_Master_Trap.uasset	1087	narrow	BP_Master_Trap_C	"((Interface=""/Script/Engine.BlueprintGeneratedClass'/Game/KnightsEnd/Blueprints/HORROR_EVENTS/BPI_HorrorEvent.BPI_HorrorEvent_C'""),(Interface=""/Script/Engine.BlueprintGeneratedClass'/Game/KnightsEnd/GameBackend/Systems/BPI_GameStateEvents.BPI_GameStateEvents_C'""))"		
88db26211412	legacy_item_original	KnightsEnd/Content/KnightsEnd/Blueprints/Interactables/EquipableItems/Traps/BP_Random_PathBlock.uasset	761	narrow	BP_Random_PathBlock_C	"((Interface=""/Script/Engine.BlueprintGeneratedClass'/Game/KnightsEnd/GameBackend/Systems/BPI_GameStateEvents.BPI_GameStateEvents_C'""))"		
13f7f56bd3cd	legacy_item_original	KnightsEnd/Content/KnightsEnd/Blueprints/Interactables/EquipableItems/Traps/BP_RandomItemSpawner_Core.uasset	702	narrow	BP_RandomItemSpawner_Core_C	"((Interface=""/Script/Engine.BlueprintGeneratedClass'/Game/KnightsEnd/GameBackend/Systems/BPI_GameStateEvents.BPI_GameStateEvents_C'""))"		
4e7ae8c26b58	legacy_item_original	KnightsEnd/Content/KnightsEnd/Blueprints/Interactables/EquipableItems/Traps/BP_TrapTriggerMaster.uasset	758	narrow	BP_TrapTriggerMaster_C	"((Interface=""/Script/Engine.BlueprintGeneratedClass'/Game/KnightsEnd/GameBackend/Systems/BPI_GameStateEvents.BPI_GameStateEvents_C'""))"		
9d4b1869c896	legacy_item_original	KnightsEnd/Content/KnightsEnd/Blueprints/Interactables/GameActors/BP_Bed_Save.uasset	1085	narrow	BP_Bed_Save_C	"((Interface=""/Script/Engine.BlueprintGeneratedClass'/Game/KnightsEnd/GameBackend/Systems/BPI_GameStateEvents.BPI_GameStateEvents_C'""))"		
77b9d3c5d058	legacy_item_original	KnightsEnd/Content/KnightsEnd/Blueprints/Interactables/GameActors/BP_Bed_Save.uasset	20257	narrow	SCS_Node	Sleep (Save Game)	Спать (сохранить игру)	
1a94d1aecfbd	legacy_item_original	KnightsEnd/Content/KnightsEnd/Blueprints/Interactables/Interactables/BP_Quest_Cooking_Oven.uasset	1012	narrow	OvenDoor_GEN_VARIABLE_BP_Door_Kitchen_Oven_C_CAT	BP_Door_Kitchen_Oven		
8764e9f66a9c	legacy_item_original	KnightsEnd/Content/KnightsEnd/Blueprints/Interactables/Interactables/EquipableSpawner/BP_Interact_Item_Spawner.uasset	1669	narrow	BP_Interact_Item_Spawner_C	"((Interface=""/Script/Engine.BlueprintGeneratedClass'/Game/KnightsEnd/GameBackend/Systems/BPI_GameStateEvents.BPI_GameStateEvents_C'""))"		
43bb49195d0b	legacy_item_original	KnightsEnd/Content/KnightsEnd/GameBackend/Systems/EquipmentSystem/DataAssets/DA_BearTrap.uasset	67	narrow	DA_BearTrap	Bear Trap	Медвежий капкан	
e74da3422882	legacy_item_original	KnightsEnd/Content/KnightsEnd/GameBackend/Systems/EquipmentSystem/DataAssets/DA_BearTrap.uasset	128	narrow	DA_BearTrap	Just another ancle biter...	Еще один кусачий капкан...	
69de994b57f5	legacy_item_original	KnightsEnd/Content/KnightsEnd/GameBackend/Systems/EquipmentSystem/DataAssets/DA_BONE.uasset	67	narrow	DA_BONE	Bone	Кость	
2dfc359fa068	legacy_item_original	KnightsEnd/Content/KnightsEnd/GameBackend/Systems/EquipmentSystem/DataAssets/DA_BONE.uasset	123	narrow	DA_BONE	Humorous	Забавно	
20904ac3451e	legacy_item_original	KnightsEnd/Content/KnightsEnd/GameBackend/Systems/EquipmentSystem/DataAssets/DA_BOOK.uasset	67	narrow	DA_BOOK	Bottle	Бутыль	
bbf67b1a992e	legacy_item_original	KnightsEnd/Content/KnightsEnd/GameBackend/Systems/EquipmentSystem/DataAssets/DA_BOOK.uasset	125	narrow	DA_BOOK	I really shouldn't	Не стоит мне это...	
20904ac3451e	legacy_item_original	KnightsEnd/Content/KnightsEnd/GameBackend/Systems/EquipmentSystem/DataAssets/DA_BookClosed.uasset	67	narrow	DA_BookClosed	Bottle	Бутыль	
bbf67b1a992e	legacy_item_original	KnightsEnd/Content/KnightsEnd/GameBackend/Systems/EquipmentSystem/DataAssets/DA_BookClosed.uasset	125	narrow	DA_BookClosed	I really shouldn't	Не стоит мне это...	
20904ac3451e	legacy_item_original	KnightsEnd/Content/KnightsEnd/GameBackend/Systems/EquipmentSystem/DataAssets/DA_BOTTLE.uasset	67	narrow	DA_BOTTLE	Bottle	Бутыль	
bbf67b1a992e	legacy_item_original	KnightsEnd/Content/KnightsEnd/GameBackend/Systems/EquipmentSystem/DataAssets/DA_BOTTLE.uasset	125	narrow	DA_BOTTLE	I really shouldn't	Не стоит мне это...	
20904ac3451e	legacy_item_original	KnightsEnd/Content/KnightsEnd/GameBackend/Systems/EquipmentSystem/DataAssets/DA_BOTTLE_GooJuice.uasset	67	narrow	DA_BOTTLE_GooJuice	Bottle	Бутыль	
bbf67b1a992e	legacy_item_original	KnightsEnd/Content/KnightsEnd/GameBackend/Systems/EquipmentSystem/DataAssets/DA_BOTTLE_GooJuice.uasset	125	narrow	DA_BOTTLE_GooJuice	I really shouldn't	Не стоит мне это...	
b82badafb664	legacy_item_original	KnightsEnd/Content/KnightsEnd/GameBackend/Systems/EquipmentSystem/DataAssets/DA_Bread.uasset	67	narrow	DA_Bread	Bread	Хлеб	
3b3dfd69b7f6	legacy_item_original	KnightsEnd/Content/KnightsEnd/GameBackend/Systems/EquipmentSystem/DataAssets/DA_Bread.uasset	124	narrow	DA_Bread	Stale as a Rock	Черствый, как камень	
69de994b57f5	legacy_item_original	KnightsEnd/Content/KnightsEnd/GameBackend/Systems/EquipmentSystem/DataAssets/DA_Bucket.uasset	67	narrow	DA_Bucket	Bone	Кость	
2dfc359fa068	legacy_item_original	KnightsEnd/Content/KnightsEnd/GameBackend/Systems/EquipmentSystem/DataAssets/DA_Bucket.uasset	123	narrow	DA_Bucket	Humorous	Забавно	
ebd8b34d8f55	legacy_item_original	KnightsEnd/Content/KnightsEnd/GameBackend/Systems/EquipmentSystem/DataAssets/DA_Cabbage.uasset	67	narrow	DA_Cabbage	Cabbage	Капуста	
199ffdd6b390	legacy_item_original	KnightsEnd/Content/KnightsEnd/GameBackend/Systems/EquipmentSystem/DataAssets/DA_Cabbage.uasset	126	narrow	DA_Cabbage	Raw and tasteless, unless steamed or in a stew	Сырая и безвкусная, разве что сварить в похлебке	
20904ac3451e	legacy_item_original	KnightsEnd/Content/KnightsEnd/GameBackend/Systems/EquipmentSystem/DataAssets/DA_CARROT.uasset	67	narrow	DA_CARROT	Bottle	Бутыль	
bbf67b1a992e	legacy_item_original	KnightsEnd/Content/KnightsEnd/GameBackend/Systems/EquipmentSystem/DataAssets/DA_CARROT.uasset	125	narrow	DA_CARROT	I really shouldn't	Не стоит мне это...	
7cc7dc64344e	legacy_item_original	KnightsEnd/Content/KnightsEnd/GameBackend/Systems/EquipmentSystem/DataAssets/DA_Chicken.uasset	67	narrow	DA_Chicken	Chicken	Курица	
e94bd823685c	legacy_item_original	KnightsEnd/Content/KnightsEnd/GameBackend/Systems/EquipmentSystem/DataAssets/DA_Chicken.uasset	126	narrow	DA_Chicken	I Must	Надо	
69de994b57f5	legacy_item_original	KnightsEnd/Content/KnightsEnd/GameBackend/Systems/EquipmentSystem/DataAssets/DA_Crossbow.uasset	67	narrow	DA_Crossbow	Bone	Кость	
2dfc359fa068	legacy_item_original	KnightsEnd/Content/KnightsEnd/GameBackend/Systems/EquipmentSystem/DataAssets/DA_Crossbow.uasset	123	narrow	DA_Crossbow	Humorous	Забавно	
d583f5d5f13f	legacy_item_original	KnightsEnd/Content/KnightsEnd/GameBackend/Systems/EquipmentSystem/DataAssets/DA_CRYSTAL1.uasset	65	narrow	DA_CRYSTAL1	Crystal	Кристалл	
6bb2101623cb	legacy_item_original	KnightsEnd/Content/KnightsEnd/GameBackend/Systems/EquipmentSystem/DataAssets/DA_CRYSTAL1.uasset	124	narrow	DA_CRYSTAL1	The Power	Сила	
d583f5d5f13f	legacy_item_original	KnightsEnd/Content/KnightsEnd/GameBackend/Systems/EquipmentSystem/DataAssets/DA_CRYSTAL2.uasset	65	narrow	DA_CRYSTAL2	Crystal	Кристалл	
6bb2101623cb	legacy_item_original	KnightsEnd/Content/KnightsEnd/GameBackend/Systems/EquipmentSystem/DataAssets/DA_CRYSTAL2.uasset	124	narrow	DA_CRYSTAL2	The Power	Сила	
3fff575f2125	legacy_item_original	KnightsEnd/Content/KnightsEnd/GameBackend/Systems/EquipmentSystem/DataAssets/DA_CUP_GOLD.uasset	67	narrow	DA_CUP_GOLD	Gold Cup	Золотая чаша	
bc0040ea56ed	legacy_item_original	KnightsEnd/Content/KnightsEnd/GameBackend/Systems/EquipmentSystem/DataAssets/DA_CUP_GOLD.uasset	127	narrow	DA_CUP_GOLD	How did you find me?	Как ты меня нашел?	
8fface9cd37a	legacy_item_original	KnightsEnd/Content/KnightsEnd/GameBackend/Systems/EquipmentSystem/DataAssets/DA_Dough.uasset	67	narrow	DA_Dough	Dough	Тесто	
a4b9d0d8121b	legacy_item_original	KnightsEnd/Content/KnightsEnd/GameBackend/Systems/EquipmentSystem/DataAssets/DA_Dough.uasset	124	narrow	DA_Dough	Dough	Тесто	
e79f8b8fa4b9	legacy_item_original	KnightsEnd/Content/KnightsEnd/GameBackend/Systems/EquipmentSystem/DataAssets/DA_EGG.uasset	67	narrow	DA_EGG	Egg	Яйцо	
28f5e8e8d1e4	legacy_item_original	KnightsEnd/Content/KnightsEnd/GameBackend/Systems/EquipmentSystem/DataAssets/DA_EGG.uasset	122	narrow	DA_EGG	What came first	Что было первым	
985b875f93b5	legacy_item_original	KnightsEnd/Content/KnightsEnd/GameBackend/Systems/EquipmentSystem/DataAssets/DA_FANG.uasset	67	narrow	DA_FANG	Fang	Клык	
5b9bd40b2d01	legacy_item_original	KnightsEnd/Content/KnightsEnd/GameBackend/Systems/EquipmentSystem/DataAssets/DA_FANG.uasset	123	narrow	DA_FANG	Tooth	Зуб	
20904ac3451e	legacy_item_original	KnightsEnd/Content/KnightsEnd/GameBackend/Systems/EquipmentSystem/DataAssets/DA_FireCystal.uasset	67	narrow	DA_FireCystal	Bottle	Бутыль	
bbf67b1a992e	legacy_item_original	KnightsEnd/Content/KnightsEnd/GameBackend/Systems/EquipmentSystem/DataAssets/DA_FireCystal.uasset	125	narrow	DA_FireCystal	I really shouldn't	Не стоит мне это...	
d194ee0139e4	legacy_item_original	KnightsEnd/Content/KnightsEnd/GameBackend/Systems/EquipmentSystem/DataAssets/DA_FISH.uasset	67	narrow	DA_FISH	Fish	Рыба	
c6400145c010	legacy_item_original	KnightsEnd/Content/KnightsEnd/GameBackend/Systems/EquipmentSystem/DataAssets/DA_FISH.uasset	123	narrow	DA_FISH	It stank...	Воняет...	
4d3c8715564b	legacy_item_original	KnightsEnd/Content/KnightsEnd/GameBackend/Systems/EquipmentSystem/DataAssets/DA_FishingPole.uasset	67	narrow	DA_FishingPole	FishingPole	Удочка	
574b2c80fcf6	legacy_item_original	KnightsEnd/Content/KnightsEnd/GameBackend/Systems/EquipmentSystem/DataAssets/DA_FishingPole.uasset	130	narrow	DA_FishingPole	I can hardly swing it...	Я едва могу этим махать...	
d395771d10bc	legacy_item_original	KnightsEnd/Content/KnightsEnd/GameBackend/Systems/EquipmentSystem/DataAssets/DA_FLESH.uasset	67	narrow	DA_FLESH	FLESH	ПЛОТЬ	
cd9010a5410b	legacy_item_original	KnightsEnd/Content/KnightsEnd/GameBackend/Systems/EquipmentSystem/DataAssets/DA_FLESH.uasset	124	narrow	DA_FLESH	I hear something	Я что-то слышу	
6271267bd1bd	legacy_item_original	KnightsEnd/Content/KnightsEnd/GameBackend/Systems/EquipmentSystem/DataAssets/DA_GEM.uasset	67	narrow	DA_GEM	Gemerald	Самоцвет	
55bb5489f0db	legacy_item_original	KnightsEnd/Content/KnightsEnd/GameBackend/Systems/EquipmentSystem/DataAssets/DA_GEM.uasset	127	narrow	DA_GEM	Its so lovely	Какой милый	
f9f798cc480d	legacy_item_original	KnightsEnd/Content/KnightsEnd/GameBackend/Systems/EquipmentSystem/DataAssets/DA_Hammer.uasset	67	narrow	DA_Hammer	Hammer	Молот	
ceb1febeec4d	legacy_item_original	KnightsEnd/Content/KnightsEnd/GameBackend/Systems/EquipmentSystem/DataAssets/DA_Hammer.uasset	125	narrow	DA_Hammer	WOW! ITS A FUCKING HAMMER!	ОГО! ЭТО ЧЕРТОВ МОЛОТ!	
57db98cbfd1c	legacy_item_original	KnightsEnd/Content/KnightsEnd/GameBackend/Systems/EquipmentSystem/DataAssets/DA_Handaxe.uasset	67	narrow	DA_Handaxe	Hand Axe	Ручной топор	
4111e69f8571	legacy_item_original	KnightsEnd/Content/KnightsEnd/GameBackend/Systems/EquipmentSystem/DataAssets/DA_Handaxe.uasset	127	narrow	DA_Handaxe	Used to chop things in twain	Годится рубить надвое	
69de994b57f5	legacy_item_original	KnightsEnd/Content/KnightsEnd/GameBackend/Systems/EquipmentSystem/DataAssets/DA_HayFlake.uasset	67	narrow	DA_HayFlake	Bone	Кость	
6a79c8eb5074	legacy_item_original	KnightsEnd/Content/KnightsEnd/GameBackend/Systems/EquipmentSystem/DataAssets/DA_HayFlake.uasset	123	narrow	DA_HayFlake	Scratchy	Колючее	
a84fdc4eed96	legacy_item_original	KnightsEnd/Content/KnightsEnd/GameBackend/Systems/EquipmentSystem/DataAssets/DA_Lantern.uasset	66	narrow	DA_Lantern	Lantern	Фонарь	
776c5c9aac3d	legacy_item_original	KnightsEnd/Content/KnightsEnd/GameBackend/Systems/EquipmentSystem/DataAssets/DA_Lantern.uasset	125	narrow	DA_Lantern	IT BURNS!	ЖЖЕТ!	
69de994b57f5	legacy_item_original	KnightsEnd/Content/KnightsEnd/GameBackend/Systems/EquipmentSystem/DataAssets/DA_LOG.uasset	67	narrow	DA_LOG	Bone	Кость	
2dfc359fa068	legacy_item_original	KnightsEnd/Content/KnightsEnd/GameBackend/Systems/EquipmentSystem/DataAssets/DA_LOG.uasset	123	narrow	DA_LOG	Humorous	Забавно	
f9f798cc480d	legacy_item_original	KnightsEnd/Content/KnightsEnd/GameBackend/Systems/EquipmentSystem/DataAssets/DA_Log_Segment.uasset	67	narrow	DA_Log_Segment	Hammer	Молот	
ce63ce38759a	legacy_item_original	KnightsEnd/Content/KnightsEnd/GameBackend/Systems/EquipmentSystem/DataAssets/DA_Log_Segment.uasset	125	narrow	DA_Log_Segment	A nice chunk of log, freshly chopped	Добрый кусок свежего бревна	
f9f798cc480d	legacy_item_original	KnightsEnd/Content/KnightsEnd/GameBackend/Systems/EquipmentSystem/DataAssets/DA_Log_Whole.uasset	67	narrow	DA_Log_Whole	Hammer	Молот	
ce63ce38759a	legacy_item_original	KnightsEnd/Content/KnightsEnd/GameBackend/Systems/EquipmentSystem/DataAssets/DA_Log_Whole.uasset	125	narrow	DA_Log_Whole	A nice chunk of log, freshly chopped	Добрый кусок свежего бревна	
ec6fb28e4f1c	legacy_item_original	KnightsEnd/Content/KnightsEnd/GameBackend/Systems/EquipmentSystem/DataAssets/DA_Mace.uasset	67	narrow	DA_Mace	Mace	Булава	
795a7c957c3e	legacy_item_original	KnightsEnd/Content/KnightsEnd/GameBackend/Systems/EquipmentSystem/DataAssets/DA_Mace.uasset	123	narrow	DA_Mace	WOW! ITS A FUCKING MACE!	ОГО! ЭТО ЧЕРТОВА БУЛАВА!	
f9f798cc480d	legacy_item_original	KnightsEnd/Content/KnightsEnd/GameBackend/Systems/EquipmentSystem/DataAssets/DA_MagicStaff.uasset	67	narrow	DA_MagicStaff	Hammer	Молот	
868b02263640	legacy_item_original	KnightsEnd/Content/KnightsEnd/GameBackend/Systems/EquipmentSystem/DataAssets/DA_MagicStaff.uasset	125	narrow	DA_MagicStaff	Flame on	Пламя, явись	
78298e1e2524	legacy_item_original	KnightsEnd/Content/KnightsEnd/GameBackend/Systems/EquipmentSystem/DataAssets/DA_MeatLeg.uasset	67	narrow	DA_MeatLeg	MeatLeg	Окорок	
2df9be9d2a18	legacy_item_original	KnightsEnd/Content/KnightsEnd/GameBackend/Systems/EquipmentSystem/DataAssets/DA_MeatLeg.uasset	126	narrow	DA_MeatLeg	It stank...	Воняет...	
78298e1e2524	legacy_item_original	KnightsEnd/Content/KnightsEnd/GameBackend/Systems/EquipmentSystem/DataAssets/DA_MeatLeg_Quest.uasset	67	narrow	DA_MeatLeg_Quest	MeatLeg	Окорок	
2df9be9d2a18	legacy_item_original	KnightsEnd/Content/KnightsEnd/GameBackend/Systems/EquipmentSystem/DataAssets/DA_MeatLeg_Quest.uasset	126	narrow	DA_MeatLeg_Quest	It stank...	Воняет...	
f43a26339b43	legacy_item_original	KnightsEnd/Content/KnightsEnd/GameBackend/Systems/EquipmentSystem/DataAssets/DA_MUG.uasset	67	narrow	DA_MUG	Mug	Кружка	
7cad870fc25a	legacy_item_original	KnightsEnd/Content/KnightsEnd/GameBackend/Systems/EquipmentSystem/DataAssets/DA_MUG.uasset	122	narrow	DA_MUG	I Must	Надо	
db9a159f0ab1	legacy_item_original	KnightsEnd/Content/KnightsEnd/GameBackend/Systems/EquipmentSystem/DataAssets/DA_Mushroom.uasset	67	narrow	DA_Mushroom	Mushroom	Гриб	
adeca6f44948	legacy_item_original	KnightsEnd/Content/KnightsEnd/GameBackend/Systems/EquipmentSystem/DataAssets/DA_Mushroom.uasset	127	narrow	DA_Mushroom	Mushy	Склизкий	
f9f798cc480d	legacy_item_original	KnightsEnd/Content/KnightsEnd/GameBackend/Systems/EquipmentSystem/DataAssets/DA_PAN.uasset	67	narrow	DA_PAN	Hammer	Молот	
ceb1febeec4d	legacy_item_original	KnightsEnd/Content/KnightsEnd/GameBackend/Systems/EquipmentSystem/DataAssets/DA_PAN.uasset	125	narrow	DA_PAN	WOW! ITS A FUCKING HAMMER!	ОГО! ЭТО ЧЕРТОВ МОЛОТ!	
d2401913004a	legacy_item_original	KnightsEnd/Content/KnightsEnd/GameBackend/Systems/EquipmentSystem/DataAssets/DA_PickAxe.uasset	67	narrow	DA_PickAxe	Pick Axe	Кирка	
1c235010e068	legacy_item_original	KnightsEnd/Content/KnightsEnd/GameBackend/Systems/EquipmentSystem/DataAssets/DA_PickAxe.uasset	127	narrow	DA_PickAxe	WOW! ITS A FUCKING PICKAXE!	ОГО! ЭТО ЧЕРТОВА КИРКА!	
20904ac3451e	legacy_item_original	KnightsEnd/Content/KnightsEnd/GameBackend/Systems/EquipmentSystem/DataAssets/DA_QuestPotion.uasset	67	narrow	DA_QuestPotion	Bottle	Бутыль	
bbf67b1a992e	legacy_item_original	KnightsEnd/Content/KnightsEnd/GameBackend/Systems/EquipmentSystem/DataAssets/DA_QuestPotion.uasset	125	narrow	DA_QuestPotion	I really shouldn't	Не стоит мне это...	
a66e6de2f81a	legacy_item_original	KnightsEnd/Content/KnightsEnd/GameBackend/Systems/EquipmentSystem/DataAssets/DA_RATTAIL.uasset	67	narrow	DA_RATTAIL	Rat Tail	Крысиный хвост	
945c988507ca	legacy_item_original	KnightsEnd/Content/KnightsEnd/GameBackend/Systems/EquipmentSystem/DataAssets/DA_RATTAIL.uasset	127	narrow	DA_RATTAIL	Um okay	Эм... ладно	
69de994b57f5	legacy_item_original	KnightsEnd/Content/KnightsEnd/GameBackend/Systems/EquipmentSystem/DataAssets/DA_SHIELD.uasset	67	narrow	DA_SHIELD	Bone	Кость	
2dfc359fa068	legacy_item_original	KnightsEnd/Content/KnightsEnd/GameBackend/Systems/EquipmentSystem/DataAssets/DA_SHIELD.uasset	123	narrow	DA_SHIELD	Humorous	Забавно	
6d801d5e8721	legacy_item_original	KnightsEnd/Content/KnightsEnd/GameBackend/Systems/EquipmentSystem/DataAssets/DA_Skull.uasset	67	narrow	DA_Skull	Skull	Череп	
62bd3e2d7f9a	legacy_item_original	KnightsEnd/Content/KnightsEnd/GameBackend/Systems/EquipmentSystem/DataAssets/DA_Skull.uasset	124	narrow	DA_Skull	Who do I belong to?	Кому я принадлежу?	
69de994b57f5	legacy_item_original	KnightsEnd/Content/KnightsEnd/GameBackend/Systems/EquipmentSystem/DataAssets/DA_SMALLSTATUE.uasset	67	narrow	DA_SMALLSTATUE	Bone	Кость	
2dfc359fa068	legacy_item_original	KnightsEnd/Content/KnightsEnd/GameBackend/Systems/EquipmentSystem/DataAssets/DA_SMALLSTATUE.uasset	123	narrow	DA_SMALLSTATUE	Humorous	Забавно	
a4bc8b150cef	legacy_item_original	KnightsEnd/Content/KnightsEnd/GameBackend/Systems/EquipmentSystem/DataAssets/DA_Sword.uasset	67	narrow	DA_Sword	Sword	Меч	
70013e95da3e	legacy_item_original	KnightsEnd/Content/KnightsEnd/GameBackend/Systems/EquipmentSystem/DataAssets/DA_Sword.uasset	124	narrow	DA_Sword	I can hardly swing it...	Я едва могу этим махать...	
20904ac3451e	legacy_item_original	KnightsEnd/Content/KnightsEnd/GameBackend/Systems/EquipmentSystem/DataAssets/DA_WineBottle.uasset	67	narrow	DA_WineBottle	Bottle	Бутыль	
bbf67b1a992e	legacy_item_original	KnightsEnd/Content/KnightsEnd/GameBackend/Systems/EquipmentSystem/DataAssets/DA_WineBottle.uasset	125	narrow	DA_WineBottle	I really shouldn't	Не стоит мне это...	
41595e0620d4	legacy_item_original	KnightsEnd/Content/KnightsEnd/GameBackend/Systems/InteractionSystem/BP_CoreInteractable.uasset	1000	narrow	BP_CoreInteractable_C	"((Interface=""/Script/Engine.BlueprintGeneratedClass'/Game/KnightsEnd/GameBackend/Systems/BPI_Interaction.BPI_Interaction_C'""))"		
20f156006128	legacy_item_original	KnightsEnd/Content/KnightsEnd/GameBackend/Systems/InteractionSystem/CoreInteractableChildren/BP_EquipableItem.uasset	2285	narrow	BP_EquipableItem_C	"((Interface=""/Script/Engine.BlueprintGeneratedClass'/Game/KnightsEnd/GameBackend/Systems/InteractionSystem/CoreInteractableChildren/BPI_ItemManagement.BPI_ItemManagement_C'""))"		
40c22cdf865a	legacy_item_original	KnightsEnd/Content/KnightsEnd/GameBackend/Systems/InteractionSystem/CoreInteractableChildren/BP_QuestEquipableItem.uasset	633	narrow	BP_QuestEquipableItem_C	"((Interface=""/Script/Engine.BlueprintGeneratedClass'/Game/KnightsEnd/GameBackend/Systems/QuestSystem/BPI_QuestInteraction.BPI_QuestInteraction_C'""))"		
8f51bef0793f	legacy_item_original	KnightsEnd/Content/KnightsEnd/GameBackend/Systems/InteractionSystem/CoreInteractableChildren/BP_QuestInteractable.uasset	1667	narrow	BP_QuestInteractable_C	"((Interface=""/Script/Engine.BlueprintGeneratedClass'/Game/KnightsEnd/GameBackend/Systems/QuestSystem/BPI_QuestInteraction.BPI_QuestInteraction_C'""),(Interface=""/Script/Engine.BlueprintGeneratedClass'/Game/KnightsEnd/GameBackend/Systems/BPI_GameStateEvents.BPI_GameStateEvents_C'""))"		
e8d22bcfbd29	legacy_item_original	KnightsEnd/Content/KnightsEnd/GameBackend/Systems/InteractionSystem/CoreInteractableChildren/QuestItems/BP_Quest_ForceSpawner.uasset	497	narrow	BP_Quest_ForceSpawner_C	"((Interface=""/Script/Engine.BlueprintGeneratedClass'/Game/KnightsEnd/GameBackend/Systems/QuestSystem/BPI_QuestInteraction.BPI_QuestInteraction_C'""))"		
aacc79535d65	legacy_item_original	KnightsEnd/Content/KnightsEnd/GameBackend/Systems/InteractionSystem/CoreInteractableChildren/QuestItems/BP_Quest_RequiredItemOverlap.uasset	20398	narrow	ExecuteUbergraph_BP_Quest_RequiredItemOverlap	current		
6c2f904144ce	legacy_item_original	KnightsEnd/Content/KnightsEnd/GameBackend/Systems/InteractionSystem/CoreInteractableChildren/QuestItems/BP_Quest_RequiredItemOverlap.uasset	23111	utf16	TurnOffEquipableInteraction	ᤨĀ		
93a991a4d206	legacy_item_original	KnightsEnd/Content/KnightsEnd/GameBackend/Systems/InteractionSystem/CoreInteractableChildren/QuestItems/BP_QuestInteractable_Beacon.uasset	795	narrow	ChildActor_GEN_VARIABLE_BP_Killbox_C_CAT	BP_Killbox		
f953ef1199de	legacy_item_original	KnightsEnd/Content/KnightsEnd/GameBackend/Systems/InteractionSystem/CoreInteractableChildren/QuestItems/BP_QuestRock.uasset	1377	narrow	BP_QuestRock_C	"((Interface=""/Script/Engine.BlueprintGeneratedClass'/Game/KnightsEnd/GameBackend/Systems/BPI_Interaction.BPI_Interaction_C'""),(Interface=""/Script/Engine.BlueprintGeneratedClass'/Game/KnightsEnd/GameBackend/Systems/InteractionSystem/CoreInteractableChildren/QuestItems/BPI_ActivatableCollection.BPI_ActivatableCollection_C'""))"		
e645bdbdacb8	legacy_item_original	KnightsEnd/Content/KnightsEnd/GameBackend/Systems/InteractionSystem/CoreInteractableChildren/QuestItems/BP_QuestRocks_Collection.uasset	1066	narrow	BP_QuestRocks_Collection_C	"((Interface=""/Script/Engine.BlueprintGeneratedClass'/Game/KnightsEnd/GameBackend/Systems/QuestSystem/BPI_QuestInteraction.BPI_QuestInteraction_C'""),(Interface=""/Script/Engine.BlueprintGeneratedClass'/Game/KnightsEnd/GameBackend/Systems/InteractionSystem/CoreInteractableChildren/QuestItems/BPI_ActivatableCollection.BPI_ActivatableCollection_C'""))"		
b0823096250b	legacy_item_original	KnightsEnd/Content/KnightsEnd/GameBackend/Systems/InteractionSystem/CoreInteractableChildren/QuestItems/BP_QuestRocks_Collection.uasset	1432	narrow	BP_QuestRock_GEN_VARIABLE_BP_QuestRock_C_CAT	BP_QuestRock		
b065ceb1d5a3	legacy_item_original	KnightsEnd/Content/KnightsEnd/GameBackend/Systems/InteractionSystem/CoreInteractableChildren/QuestItems/BP_QuestRocks_Collection.uasset	1463	narrow	BP_QuestRock_GEN_VARIABLE_BP_QuestRock_C_CAT	BP_QuestRock		
02272b4b8bf2	legacy_item_original	KnightsEnd/Content/KnightsEnd/GameBackend/Systems/InteractionSystem/CoreInteractableChildren/QuestItems/BP_QuestRocks_Collection.uasset	1494	narrow	BP_QuestRock_GEN_VARIABLE_BP_QuestRock_C_CAT	BP_QuestRock		
d48265413332	legacy_item_original	KnightsEnd/Content/KnightsEnd/GameBackend/Systems/InteractionSystem/CoreInteractableChildren/QuestItems/E_GemColors.uasset	69	narrow	E_GemColors	Green	Зеленый	
67004040a954	legacy_item_original	KnightsEnd/Content/KnightsEnd/GameBackend/Systems/InteractionSystem/CoreInteractableChildren/QuestItems/E_GemColors.uasset	134	narrow	E_GemColors	Blue	Синий	
f7b4cdb9712f	legacy_item_original	KnightsEnd/Content/KnightsEnd/GameBackend/Systems/InteractionSystem/CoreInteractableChildren/QuestItems/E_GemColors.uasset	198	narrow	E_GemColors	Red	Красный	
69c4ec52ec9c	legacy_item_original	KnightsEnd/Content/KnightsEnd/GameBackend/Systems/InteractionSystem/CoreInteractableChildren/WBP_InteractionCountdownBar.uasset	740	narrow	ScaleIn	ProgressBar_146		
fe8bd5e1dce3	legacy_item_original	KnightsEnd/Content/KnightsEnd/GameBackend/Systems/InteractionSystem/CoreInteractableChildren/WBP_InteractionCountdownBar.uasset	789	narrow	ScaleIn	ProgressBar_146		
e81e5e29d1f8	legacy_item_original	KnightsEnd/Content/KnightsEnd/GameBackend/Systems/InteractionSystem/CoreInteractableChildren/WBP_InteractionCountdownBar.uasset	1635	narrow	ScaleIn_INST	ScaleIn		
0b169fdd0265	legacy_item_original	KnightsEnd/Content/KnightsEnd/GameBackend/Systems/InteractionSystem/CoreInteractableChildren/WBP_InteractionCountdownBar.uasset	1692	narrow	WBP_InteractionCountdownBar_C	ProgressBar_146		
5c00056308f6	legacy_horrornotes_original	KnightsEnd/Content/KnightsEnd/Blueprints/HorrorNotes/Blueprints/BP_HNote.uasset	2773	narrow	BP_HNote_C	"((Interface=""/Script/Engine.BlueprintGeneratedClass'/Game/KnightsEnd/GameBackend/Systems/BPI_Interaction.BPI_Interaction_C'""),(Interface=""/Script/Engine.BlueprintGeneratedClass'/Game/KnightsEnd/Blueprints/HorrorNotes/Blueprints/BPI_HNote.BPI_HNote_C'""))"		
71f803f1ad1b	legacy_horrornotes_original	KnightsEnd/Content/KnightsEnd/Blueprints/HorrorNotes/Blueprints/BP_HNoteSPAWN.uasset	2722	narrow	BP_HNoteSPAWN_C	"((Interface=""/Script/Engine.BlueprintGeneratedClass'/Game/KnightsEnd/GameBackend/Systems/BPI_Interaction.BPI_Interaction_C'""),(Interface=""/Script/Engine.BlueprintGeneratedClass'/Game/KnightsEnd/Blueprints/HorrorNotes/Blueprints/BPI_HNote.BPI_HNote_C'""))"		
201d8bd6b9ed	legacy_horrornotes_original	KnightsEnd/Content/KnightsEnd/Blueprints/HorrorNotes/Mesh/M_Paper.uasset	239	narrow	M_Paper	FMaterialShaderMapContent		
c9e172e5faca	legacy_horrornotes_original	KnightsEnd/Content/KnightsEnd/Blueprints/HorrorNotes/Mesh/M_Paper.uasset	273	narrow	M_Paper	FMeshMaterialShaderMap		
de37c53dd72b	legacy_horrornotes_original	KnightsEnd/Content/KnightsEnd/Blueprints/HorrorNotes/Mesh/M_Paper.uasset	304	narrow	M_Paper	FHashedName		
9e1e1de2aad9	legacy_horrornotes_original	KnightsEnd/Content/KnightsEnd/Blueprints/HorrorNotes/Mesh/M_Paper.uasset	324	narrow	M_Paper	FLumenCardPS<false>		
9afd6b82ae60	legacy_horrornotes_original	KnightsEnd/Content/KnightsEnd/Blueprints/HorrorNotes/Mesh/M_Paper.uasset	352	narrow	M_Paper	FShaderUniformBufferParameterInfo		
19d03fb18a24	legacy_horrornotes_original	KnightsEnd/Content/KnightsEnd/Blueprints/HorrorNotes/Mesh/M_Paper.uasset	394	narrow	M_Paper	FShaderUniformBufferParameter		
487e1c8c4e91	legacy_horrornotes_original	KnightsEnd/Content/KnightsEnd/Blueprints/HorrorNotes/Mesh/M_Paper.uasset	432	narrow	M_Paper	TBasePassPSFPrecomputedVolumetricLightmapLightingPolicySkylight		
bb095a0bf9f4	legacy_horrornotes_original	KnightsEnd/Content/KnightsEnd/Blueprints/HorrorNotes/Mesh/M_Paper.uasset	504	narrow	M_Paper	FHitProxyVS		
f800ce979e17	legacy_horrornotes_original	KnightsEnd/Content/KnightsEnd/Blueprints/HorrorNotes/Mesh/M_Paper.uasset	524	narrow	M_Paper	FLocalVertexFactoryShaderParameters		
c276aee967ac	legacy_horrornotes_original	KnightsEnd/Content/KnightsEnd/Blueprints/HorrorNotes/Mesh/M_Paper.uasset	568	narrow	M_Paper	FHitProxyPS		
d3eda6329d29	legacy_horrornotes_original	KnightsEnd/Content/KnightsEnd/Blueprints/HorrorNotes/Mesh/M_Paper.uasset	588	narrow	M_Paper	FShaderLooseParameterBufferInfo		
916f15e499d7	legacy_horrornotes_original	KnightsEnd/Content/KnightsEnd/Blueprints/HorrorNotes/Mesh/M_Paper.uasset	628	narrow	M_Paper	FShaderLooseParameterInfo		
ee2b1a1aaf0e	legacy_horrornotes_original	KnightsEnd/Content/KnightsEnd/Blueprints/HorrorNotes/Mesh/M_Paper.uasset	662	narrow	M_Paper	TBasePassPSFNoLightMapPolicy		
4e0252cafa08	legacy_horrornotes_original	KnightsEnd/Content/KnightsEnd/Blueprints/HorrorNotes/Mesh/M_Paper.uasset	699	narrow	M_Paper	FLumenCardVS		
44681a5bd7ec	legacy_horrornotes_original	KnightsEnd/Content/KnightsEnd/Blueprints/HorrorNotes/Mesh/M_Paper.uasset	720	narrow	M_Paper	TBasePassVSFPrecomputedVolumetricLightmapLightingPolicy		
a342f9777266	legacy_horrornotes_original	KnightsEnd/Content/KnightsEnd/Blueprints/HorrorNotes/Mesh/M_Paper.uasset	784	narrow	M_Paper	TBasePassPSFPrecomputedVolumetricLightmapLightingPolicy		
af3246f6f6c6	legacy_horrornotes_original	KnightsEnd/Content/KnightsEnd/Blueprints/HorrorNotes/Mesh/M_Paper.uasset	848	narrow	M_Paper	TBasePassPSFCachedPointIndirectLightingPolicySkylight		
8d5c66ce73ce	legacy_horrornotes_original	KnightsEnd/Content/KnightsEnd/Blueprints/HorrorNotes/Mesh/M_Paper.uasset	910	narrow	M_Paper	TBasePassVSFCachedPointIndirectLightingPolicy		
7a1e79ef1005	legacy_horrornotes_original	KnightsEnd/Content/KnightsEnd/Blueprints/HorrorNotes/Mesh/M_Paper.uasset	964	narrow	M_Paper	TBasePassPSFCachedPointIndirectLightingPolicy		
95d714898e98	legacy_horrornotes_original	KnightsEnd/Content/KnightsEnd/Blueprints/HorrorNotes/Mesh/M_Paper.uasset	1018	narrow	M_Paper	TBasePassPSFCachedVolumeIndirectLightingPolicy		
d74c5ae994d0	legacy_horrornotes_original	KnightsEnd/Content/KnightsEnd/Blueprints/HorrorNotes/Mesh/M_Paper.uasset	1073	narrow	M_Paper	TBasePassPSFCachedVolumeIndirectLightingPolicySkylight		
4ac875fa988c	legacy_horrornotes_original	KnightsEnd/Content/KnightsEnd/Blueprints/HorrorNotes/Mesh/M_Paper.uasset	1136	narrow	M_Paper	TBasePassPSFNoLightMapPolicySkylight		
cbd9d2ee8dc2	legacy_horrornotes_original	KnightsEnd/Content/KnightsEnd/Blueprints/HorrorNotes/Mesh/M_Paper.uasset	1181	narrow	M_Paper	TBasePassVSFCachedVolumeIndirectLightingPolicy		
fae98934e751	legacy_horrornotes_original	KnightsEnd/Content/KnightsEnd/Blueprints/HorrorNotes/Mesh/M_Paper.uasset	1236	narrow	M_Paper	TBasePassVSFNoLightMapPolicy		
d1cd036dfd3c	legacy_horrornotes_original	KnightsEnd/Content/KnightsEnd/Blueprints/HorrorNotes/Mesh/M_Paper.uasset	1273	narrow	M_Paper	FMaterialUniformPreshaderHeader		
49b5afa87038	legacy_horrornotes_original	KnightsEnd/Content/KnightsEnd/Blueprints/HorrorNotes/Mesh/M_Paper.uasset	1313	narrow	M_Paper	FMaterialUniformPreshaderField		
f262d07d193b	legacy_horrornotes_original	KnightsEnd/Content/KnightsEnd/Blueprints/HorrorNotes/Mesh/M_Paper.uasset	1352	narrow	M_Paper	FMaterialNumericParameterInfo		
99e64fc81c4f	legacy_horrornotes_original	KnightsEnd/Content/KnightsEnd/Blueprints/HorrorNotes/Mesh/M_Paper.uasset	1390	narrow	M_Paper	FMaterialTextureParameterInfo		
db5bff9c9d9a	legacy_horrornotes_original	KnightsEnd/Content/KnightsEnd/Blueprints/HorrorNotes/Mesh/M_Paper.uasset	1428	narrow	M_Paper	FRHIUniformBufferResourceInitializer		
c7c804cd279c	legacy_horrornotes_original	KnightsEnd/Content/KnightsEnd/Blueprints/HorrorNotes/Mesh/M_Paper.uasset	1473	narrow	M_Paper	SelectionColor		
929a94ef5b6b	legacy_horrornotes_original	KnightsEnd/Content/KnightsEnd/Blueprints/HorrorNotes/Mesh/M_Paper.uasset	1496	narrow	M_Paper	PCD3D_SM6		
bc9cbb044461	legacy_horrornotes_original	KnightsEnd/Content/KnightsEnd/Blueprints/HorrorNotes/Mesh/M_Paper.uasset	1514	narrow	M_Paper	PCD3D_SM5		
397bd43916a0	legacy_horrornotes_original	KnightsEnd/Content/KnightsEnd/Blueprints/HorrorNotes/Mesh/vintage-grunge.uasset	103	narrow	vintage-grunge	PF_B8G8R8A8		
de96847ca75c	legacy_horrornotes_original	KnightsEnd/Content/KnightsEnd/Blueprints/HorrorNotes/Mesh/vintage-grunge_Mat.uasset	236	narrow	vintage-grunge_Mat	FMaterialShaderMapContent		
bbeb9d82eeb4	legacy_horrornotes_original	KnightsEnd/Content/KnightsEnd/Blueprints/HorrorNotes/Mesh/vintage-grunge_Mat.uasset	270	narrow	vintage-grunge_Mat	FMeshMaterialShaderMap		
3907d23688e2	legacy_horrornotes_original	KnightsEnd/Content/KnightsEnd/Blueprints/HorrorNotes/Mesh/vintage-grunge_Mat.uasset	301	narrow	vintage-grunge_Mat	FHashedName		
5c235478175c	legacy_horrornotes_original	KnightsEnd/Content/KnightsEnd/Blueprints/HorrorNotes/Mesh/vintage-grunge_Mat.uasset	321	narrow	vintage-grunge_Mat	FLumenCardPS<false>		
4c872da70c42	legacy_horrornotes_original	KnightsEnd/Content/KnightsEnd/Blueprints/HorrorNotes/Mesh/vintage-grunge_Mat.uasset	349	narrow	vintage-grunge_Mat	FShaderUniformBufferParameterInfo		
8c3f29b57ad9	legacy_horrornotes_original	KnightsEnd/Content/KnightsEnd/Blueprints/HorrorNotes/Mesh/vintage-grunge_Mat.uasset	391	narrow	vintage-grunge_Mat	FShaderUniformBufferParameter		
17720cbb4f5b	legacy_horrornotes_original	KnightsEnd/Content/KnightsEnd/Blueprints/HorrorNotes/Mesh/vintage-grunge_Mat.uasset	429	narrow	vintage-grunge_Mat	TBasePassPSFPrecomputedVolumetricLightmapLightingPolicySkylight		
3c285c0136de	legacy_horrornotes_original	KnightsEnd/Content/KnightsEnd/Blueprints/HorrorNotes/Mesh/vintage-grunge_Mat.uasset	501	narrow	vintage-grunge_Mat	TBasePassPSFNoLightMapPolicy		
5df209c3d976	legacy_horrornotes_original	KnightsEnd/Content/KnightsEnd/Blueprints/HorrorNotes/Mesh/vintage-grunge_Mat.uasset	538	narrow	vintage-grunge_Mat	FLumenCardVS		
0489a9c085be	legacy_horrornotes_original	KnightsEnd/Content/KnightsEnd/Blueprints/HorrorNotes/Mesh/vintage-grunge_Mat.uasset	559	narrow	vintage-grunge_Mat	FLocalVertexFactoryShaderParameters		
3e11c64cf729	legacy_horrornotes_original	KnightsEnd/Content/KnightsEnd/Blueprints/HorrorNotes/Mesh/vintage-grunge_Mat.uasset	603	narrow	vintage-grunge_Mat	TBasePassVSFPrecomputedVolumetricLightmapLightingPolicy		
9bdcaaa88031	legacy_horrornotes_original	KnightsEnd/Content/KnightsEnd/Blueprints/HorrorNotes/Mesh/vintage-grunge_Mat.uasset	667	narrow	vintage-grunge_Mat	TBasePassPSFPrecomputedVolumetricLightmapLightingPolicy		
09424fa11013	legacy_horrornotes_original	KnightsEnd/Content/KnightsEnd/Blueprints/HorrorNotes/Mesh/vintage-grunge_Mat.uasset	731	narrow	vintage-grunge_Mat	TBasePassPSFCachedPointIndirectLightingPolicySkylight		
9bcf09f3ef6c	legacy_horrornotes_original	KnightsEnd/Content/KnightsEnd/Blueprints/HorrorNotes/Mesh/vintage-grunge_Mat.uasset	793	narrow	vintage-grunge_Mat	TBasePassVSFCachedPointIndirectLightingPolicy		
794140e896e6	legacy_horrornotes_original	KnightsEnd/Content/KnightsEnd/Blueprints/HorrorNotes/Mesh/vintage-grunge_Mat.uasset	847	narrow	vintage-grunge_Mat	TBasePassPSFCachedPointIndirectLightingPolicy		
639c30d9215b	legacy_horrornotes_original	KnightsEnd/Content/KnightsEnd/Blueprints/HorrorNotes/Mesh/vintage-grunge_Mat.uasset	901	narrow	vintage-grunge_Mat	TBasePassPSFCachedVolumeIndirectLightingPolicy		
b81c837e5d69	legacy_horrornotes_original	KnightsEnd/Content/KnightsEnd/Blueprints/HorrorNotes/Mesh/vintage-grunge_Mat.uasset	956	narrow	vintage-grunge_Mat	TBasePassPSFCachedVolumeIndirectLightingPolicySkylight		
7b63aac4bbe7	legacy_horrornotes_original	KnightsEnd/Content/KnightsEnd/Blueprints/HorrorNotes/Mesh/vintage-grunge_Mat.uasset	1019	narrow	vintage-grunge_Mat	TBasePassPSFNoLightMapPolicySkylight		
9dd8efaf5a90	legacy_horrornotes_original	KnightsEnd/Content/KnightsEnd/Blueprints/HorrorNotes/Mesh/vintage-grunge_Mat.uasset	1064	narrow	vintage-grunge_Mat	TBasePassVSFCachedVolumeIndirectLightingPolicy		
90d57d262358	legacy_horrornotes_original	KnightsEnd/Content/KnightsEnd/Blueprints/HorrorNotes/Mesh/vintage-grunge_Mat.uasset	1119	narrow	vintage-grunge_Mat	TBasePassVSFNoLightMapPolicy		
d3f39ac2311f	legacy_horrornotes_original	KnightsEnd/Content/KnightsEnd/Blueprints/HorrorNotes/Mesh/vintage-grunge_Mat.uasset	1156	narrow	vintage-grunge_Mat	FMaterialUniformPreshaderHeader		
d7bc097b5704	legacy_horrornotes_original	KnightsEnd/Content/KnightsEnd/Blueprints/HorrorNotes/Mesh/vintage-grunge_Mat.uasset	1196	narrow	vintage-grunge_Mat	FMaterialUniformPreshaderField		
60796737d9bf	legacy_horrornotes_original	KnightsEnd/Content/KnightsEnd/Blueprints/HorrorNotes/Mesh/vintage-grunge_Mat.uasset	1235	narrow	vintage-grunge_Mat	FMaterialNumericParameterInfo		
2413dbcaca45	legacy_horrornotes_original	KnightsEnd/Content/KnightsEnd/Blueprints/HorrorNotes/Mesh/vintage-grunge_Mat.uasset	1273	narrow	vintage-grunge_Mat	FMaterialTextureParameterInfo		
dde2fa2a492e	legacy_horrornotes_original	KnightsEnd/Content/KnightsEnd/Blueprints/HorrorNotes/Mesh/vintage-grunge_Mat.uasset	1311	narrow	vintage-grunge_Mat	FRHIUniformBufferResourceInitializer		
83abb3c789b2	legacy_horrornotes_original	KnightsEnd/Content/KnightsEnd/Blueprints/HorrorNotes/Mesh/vintage-grunge_Mat.uasset	1356	narrow	vintage-grunge_Mat	SelectionColor		
d0151cfa06b0	legacy_horrornotes_original	KnightsEnd/Content/KnightsEnd/Blueprints/HorrorNotes/Mesh/vintage-grunge_Mat.uasset	1379	narrow	vintage-grunge_Mat	PCD3D_SM6		
80d8ecdcc51c	legacy_horrornotes_original	KnightsEnd/Content/KnightsEnd/Blueprints/HorrorNotes/Mesh/vintage-grunge_Mat.uasset	1397	narrow	vintage-grunge_Mat	PCD3D_SM5		
31e5fa7ce3e4	legacy_horrornotes_original	KnightsEnd/Content/KnightsEnd/Blueprints/HorrorNotes/Widgets/UIElements/CenterBlood/T_CB_Blood.uasset	101	narrow	T_CB_Blood	PF_B8G8R8A8		
201d8bd6b9ed	legacy_horrornotes_original	KnightsEnd/Content/KnightsEnd/Blueprints/HorrorNotes/Widgets/UIElements/CenterBlood/T_CB_Blood_Mat.uasset	239	narrow	T_CB_Blood_Mat	FMaterialShaderMapContent		
c9e172e5faca	legacy_horrornotes_original	KnightsEnd/Content/KnightsEnd/Blueprints/HorrorNotes/Widgets/UIElements/CenterBlood/T_CB_Blood_Mat.uasset	273	narrow	T_CB_Blood_Mat	FMeshMaterialShaderMap		
de37c53dd72b	legacy_horrornotes_original	KnightsEnd/Content/KnightsEnd/Blueprints/HorrorNotes/Widgets/UIElements/CenterBlood/T_CB_Blood_Mat.uasset	304	narrow	T_CB_Blood_Mat	FHashedName		
062e532009f4	legacy_horrornotes_original	KnightsEnd/Content/KnightsEnd/Blueprints/HorrorNotes/Widgets/UIElements/CenterBlood/T_CB_Blood_Mat.uasset	324	narrow	T_CB_Blood_Mat	TShadowDepthPSPixelShadowDepth_PerspectiveCorrect		
51b7010d8d7b	legacy_horrornotes_original	KnightsEnd/Content/KnightsEnd/Blueprints/HorrorNotes/Widgets/UIElements/CenterBlood/T_CB_Blood_Mat.uasset	382	narrow	T_CB_Blood_Mat	FShaderUniformBufferParameterInfo		
c8972ebbbd60	legacy_horrornotes_original	KnightsEnd/Content/KnightsEnd/Blueprints/HorrorNotes/Widgets/UIElements/CenterBlood/T_CB_Blood_Mat.uasset	424	narrow	T_CB_Blood_Mat	FShaderUniformBufferParameter		
e942c81214aa	legacy_horrornotes_original	KnightsEnd/Content/KnightsEnd/Blueprints/HorrorNotes/Widgets/UIElements/CenterBlood/T_CB_Blood_Mat.uasset	462	narrow	T_CB_Blood_Mat	FLumenCardPS<false>		
3e76c95d9378	legacy_horrornotes_original	KnightsEnd/Content/KnightsEnd/Blueprints/HorrorNotes/Widgets/UIElements/CenterBlood/T_CB_Blood_Mat.uasset	490	narrow	T_CB_Blood_Mat	TShadowDepthPSPixelShadowDepth_NonPerspectiveCorrect		
a323c3fc14dc	legacy_horrornotes_original	KnightsEnd/Content/KnightsEnd/Blueprints/HorrorNotes/Widgets/UIElements/CenterBlood/T_CB_Blood_Mat.uasset	551	narrow	T_CB_Blood_Mat	TLightMapDensityPSTLightMapPolicyHQ		
32bb6d8ddb94	legacy_horrornotes_original	KnightsEnd/Content/KnightsEnd/Blueprints/HorrorNotes/Widgets/UIElements/CenterBlood/T_CB_Blood_Mat.uasset	595	narrow	T_CB_Blood_Mat	FShaderLooseParameterBufferInfo		
ad3f975a4881	legacy_horrornotes_original	KnightsEnd/Content/KnightsEnd/Blueprints/HorrorNotes/Widgets/UIElements/CenterBlood/T_CB_Blood_Mat.uasset	635	narrow	T_CB_Blood_Mat	FShaderLooseParameterInfo		
0858d7e3acb6	legacy_horrornotes_original	KnightsEnd/Content/KnightsEnd/Blueprints/HorrorNotes/Widgets/UIElements/CenterBlood/T_CB_Blood_Mat.uasset	669	narrow	T_CB_Blood_Mat	TBasePassPSFPrecomputedVolumetricLightmapLightingPolicySkylight		
86b63b6c6053	legacy_horrornotes_original	KnightsEnd/Content/KnightsEnd/Blueprints/HorrorNotes/Widgets/UIElements/CenterBlood/T_CB_Blood_Mat.uasset	741	narrow	T_CB_Blood_Mat	TBasePassPSTLightMapPolicyLQSkylight		
1ed0c862f3ac	legacy_horrornotes_original	KnightsEnd/Content/KnightsEnd/Blueprints/HorrorNotes/Widgets/UIElements/CenterBlood/T_CB_Blood_Mat.uasset	786	narrow	T_CB_Blood_Mat	TLightMapDensityVSFNoLightMapPolicy		
7d43c9c4272d	legacy_horrornotes_original	KnightsEnd/Content/KnightsEnd/Blueprints/HorrorNotes/Widgets/UIElements/CenterBlood/T_CB_Blood_Mat.uasset	830	narrow	T_CB_Blood_Mat	FLocalVertexFactoryShaderParameters		
88fc5f45cb70	legacy_horrornotes_original	KnightsEnd/Content/KnightsEnd/Blueprints/HorrorNotes/Widgets/UIElements/CenterBlood/T_CB_Blood_Mat.uasset	874	narrow	T_CB_Blood_Mat	TBasePassPSTDistanceFieldShadowsAndLightMapPolicyHQ		
b3d5bb9f711d	legacy_horrornotes_original	KnightsEnd/Content/KnightsEnd/Blueprints/HorrorNotes/Widgets/UIElements/CenterBlood/T_CB_Blood_Mat.uasset	934	narrow	T_CB_Blood_Mat	FHitProxyVS		
fd67060a5701	legacy_horrornotes_original	KnightsEnd/Content/KnightsEnd/Blueprints/HorrorNotes/Widgets/UIElements/CenterBlood/T_CB_Blood_Mat.uasset	954	narrow	T_CB_Blood_Mat	FHitProxyPS		
1975d6cf61ae	legacy_horrornotes_original	KnightsEnd/Content/KnightsEnd/Blueprints/HorrorNotes/Widgets/UIElements/CenterBlood/T_CB_Blood_Mat.uasset	974	narrow	T_CB_Blood_Mat	TBasePassPSFNoLightMapPolicy		
74804db30a9c	legacy_horrornotes_original	KnightsEnd/Content/KnightsEnd/Blueprints/HorrorNotes/Widgets/UIElements/CenterBlood/T_CB_Blood_Mat.uasset	1011	narrow	T_CB_Blood_Mat	TShadowDepthVSVertexShadowDepth_OutputDepth		
9d0cd6a66ace	legacy_horrornotes_original	KnightsEnd/Content/KnightsEnd/Blueprints/HorrorNotes/Widgets/UIElements/CenterBlood/T_CB_Blood_Mat.uasset	1063	narrow	T_CB_Blood_Mat	TLightMapDensityVSFDummyLightMapPolicy		
6f9d581cca88	legacy_horrornotes_original	KnightsEnd/Content/KnightsEnd/Blueprints/HorrorNotes/Widgets/UIElements/CenterBlood/T_CB_Blood_Mat.uasset	1110	narrow	T_CB_Blood_Mat	FLumenCardVS		
c07e2d5212b2	legacy_horrornotes_original	KnightsEnd/Content/KnightsEnd/Blueprints/HorrorNotes/Widgets/UIElements/CenterBlood/T_CB_Blood_Mat.uasset	1131	narrow	T_CB_Blood_Mat	TShadowDepthPSPixelShadowDepth_VirtualShadowMap		
b4891fbfe07e	legacy_horrornotes_original	KnightsEnd/Content/KnightsEnd/Blueprints/HorrorNotes/Widgets/UIElements/CenterBlood/T_CB_Blood_Mat.uasset	1187	narrow	T_CB_Blood_Mat	TBasePassVSFPrecomputedVolumetricLightmapLightingPolicy		
a77501e94cb5	legacy_horrornotes_original	KnightsEnd/Content/KnightsEnd/Blueprints/HorrorNotes/Widgets/UIElements/CenterBlood/T_CB_Blood_Mat.uasset	1251	narrow	T_CB_Blood_Mat	TBasePassPSTDistanceFieldShadowsAndLightMapPolicyHQSkylight		
7cf9529c6e5b	legacy_horrornotes_original	KnightsEnd/Content/KnightsEnd/Blueprints/HorrorNotes/Widgets/UIElements/CenterBlood/T_CB_Blood_Mat.uasset	1319	narrow	T_CB_Blood_Mat	TBasePassPSFPrecomputedVolumetricLightmapLightingPolicy		
412becc66d3f	legacy_horrornotes_original	KnightsEnd/Content/KnightsEnd/Blueprints/HorrorNotes/Widgets/UIElements/CenterBlood/T_CB_Blood_Mat.uasset	1383	narrow	T_CB_Blood_Mat	TBasePassPSTLightMapPolicyHQ		
6698d68c7b9b	legacy_horrornotes_original	KnightsEnd/Content/KnightsEnd/Blueprints/HorrorNotes/Widgets/UIElements/CenterBlood/T_CB_Blood_Mat.uasset	1420	narrow	T_CB_Blood_Mat	TLightMapDensityPSFDummyLightMapPolicy		
fc144fbd5acd	legacy_horrornotes_original	KnightsEnd/Content/KnightsEnd/Blueprints/HorrorNotes/Widgets/UIElements/CenterBlood/T_CB_Blood_Mat.uasset	1467	narrow	T_CB_Blood_Mat	TBasePassPSFCachedPointIndirectLightingPolicySkylight		
71867938b0a1	legacy_horrornotes_original	KnightsEnd/Content/KnightsEnd/Blueprints/HorrorNotes/Widgets/UIElements/CenterBlood/T_CB_Blood_Mat.uasset	1529	narrow	T_CB_Blood_Mat	TBasePassVSFCachedPointIndirectLightingPolicy		
265d6ed5c03e	legacy_horrornotes_original	KnightsEnd/Content/KnightsEnd/Blueprints/HorrorNotes/Widgets/UIElements/CenterBlood/T_CB_Blood_Mat.uasset	1583	narrow	T_CB_Blood_Mat	TBasePassPSFCachedPointIndirectLightingPolicy		
11b0976c9f16	legacy_horrornotes_original	KnightsEnd/Content/KnightsEnd/Blueprints/HorrorNotes/Widgets/UIElements/CenterBlood/T_CB_Blood_Mat.uasset	1637	narrow	T_CB_Blood_Mat	TBasePassPSFCachedVolumeIndirectLightingPolicy		
a4786e95442f	legacy_horrornotes_original	KnightsEnd/Content/KnightsEnd/Blueprints/HorrorNotes/Widgets/UIElements/CenterBlood/T_CB_Blood_Mat.uasset	1692	narrow	T_CB_Blood_Mat	TShadowDepthVSVertexShadowDepth_PerspectiveCorrect		
a39fa8c7ece2	legacy_horrornotes_original	KnightsEnd/Content/KnightsEnd/Blueprints/HorrorNotes/Widgets/UIElements/CenterBlood/T_CB_Blood_Mat.uasset	1751	narrow	T_CB_Blood_Mat	TBasePassPSFCachedVolumeIndirectLightingPolicySkylight		
f28c73e85169	legacy_horrornotes_original	KnightsEnd/Content/KnightsEnd/Blueprints/HorrorNotes/Widgets/UIElements/CenterBlood/T_CB_Blood_Mat.uasset	1814	narrow	T_CB_Blood_Mat	TLightMapDensityPSFNoLightMapPolicy		
ec2c6088fb94	legacy_horrornotes_original	KnightsEnd/Content/KnightsEnd/Blueprints/HorrorNotes/Widgets/UIElements/CenterBlood/T_CB_Blood_Mat.uasset	1858	narrow	T_CB_Blood_Mat	TLightMapDensityVSTLightMapPolicyLQ		
2c167fce4f65	legacy_horrornotes_original	KnightsEnd/Content/KnightsEnd/Blueprints/HorrorNotes/Widgets/UIElements/CenterBlood/T_CB_Blood_Mat.uasset	1902	narrow	T_CB_Blood_Mat	TBasePassVSTLightMapPolicyHQ		
d6802450392a	legacy_horrornotes_original	KnightsEnd/Content/KnightsEnd/Blueprints/HorrorNotes/Widgets/UIElements/CenterBlood/T_CB_Blood_Mat.uasset	1939	narrow	T_CB_Blood_Mat	TBasePassPSFNoLightMapPolicySkylight		
9df56171f9a6	legacy_horrornotes_original	KnightsEnd/Content/KnightsEnd/Blueprints/HorrorNotes/Widgets/UIElements/CenterBlood/T_CB_Blood_Mat.uasset	1984	narrow	T_CB_Blood_Mat	TBasePassVSFCachedVolumeIndirectLightingPolicy		
3b3e7c24e25d	legacy_horrornotes_original	KnightsEnd/Content/KnightsEnd/Blueprints/HorrorNotes/Widgets/UIElements/CenterBlood/T_CB_Blood_Mat.uasset	2039	narrow	T_CB_Blood_Mat	TShadowDepthPSPixelShadowDepth_OnePassPointLight		
a271c05e9aaf	legacy_horrornotes_original	KnightsEnd/Content/KnightsEnd/Blueprints/HorrorNotes/Widgets/UIElements/CenterBlood/T_CB_Blood_Mat.uasset	2096	narrow	T_CB_Blood_Mat	TBasePassVSTDistanceFieldShadowsAndLightMapPolicyHQ		
4aee34e63462	legacy_horrornotes_original	KnightsEnd/Content/KnightsEnd/Blueprints/HorrorNotes/Widgets/UIElements/CenterBlood/T_CB_Blood_Mat.uasset	2156	narrow	T_CB_Blood_Mat	TShadowDepthVSVertexShadowDepth_VirtualShadowMap		
49aa701f72a4	legacy_horrornotes_original	KnightsEnd/Content/KnightsEnd/Blueprints/HorrorNotes/Widgets/UIElements/CenterBlood/T_CB_Blood_Mat.uasset	2213	narrow	T_CB_Blood_Mat	TShadowDepthVSVertexShadowDepth_OnePassPointLight		
3d78f69aedf8	legacy_horrornotes_original	KnightsEnd/Content/KnightsEnd/Blueprints/HorrorNotes/Widgets/UIElements/CenterBlood/T_CB_Blood_Mat.uasset	2271	narrow	T_CB_Blood_Mat	TBasePassPSTLightMapPolicyLQ		
84722c293ac4	legacy_horrornotes_original	KnightsEnd/Content/KnightsEnd/Blueprints/HorrorNotes/Widgets/UIElements/CenterBlood/T_CB_Blood_Mat.uasset	2308	narrow	T_CB_Blood_Mat	TLightMapDensityPSTLightMapPolicyLQ		
762a8d9abe99	legacy_horrornotes_original	KnightsEnd/Content/KnightsEnd/Blueprints/HorrorNotes/Widgets/UIElements/CenterBlood/T_CB_Blood_Mat.uasset	2352	narrow	T_CB_Blood_Mat	TBasePassVSTLightMapPolicyLQ		
c841e4fa6c1c	legacy_horrornotes_original	KnightsEnd/Content/KnightsEnd/Blueprints/HorrorNotes/Widgets/UIElements/CenterBlood/T_CB_Blood_Mat.uasset	2389	narrow	T_CB_Blood_Mat	TLightMapDensityVSTLightMapPolicyHQ		
b612ae84b304	legacy_horrornotes_original	KnightsEnd/Content/KnightsEnd/Blueprints/HorrorNotes/Widgets/UIElements/CenterBlood/T_CB_Blood_Mat.uasset	2433	narrow	T_CB_Blood_Mat	TBasePassPSTLightMapPolicyHQSkylight		
d7223f3e68c8	legacy_horrornotes_original	KnightsEnd/Content/KnightsEnd/Blueprints/HorrorNotes/Widgets/UIElements/CenterBlood/T_CB_Blood_Mat.uasset	2478	narrow	T_CB_Blood_Mat	TBasePassVSFNoLightMapPolicy		
e0cad9287fd5	legacy_horrornotes_original	KnightsEnd/Content/KnightsEnd/Blueprints/HorrorNotes/Widgets/UIElements/CenterBlood/T_CB_Blood_Mat.uasset	2515	narrow	T_CB_Blood_Mat	FShaderPipeline		
32adb7fa8af4	legacy_horrornotes_original	KnightsEnd/Content/KnightsEnd/Blueprints/HorrorNotes/Widgets/UIElements/CenterBlood/T_CB_Blood_Mat.uasset	2539	narrow	T_CB_Blood_Mat	TDepthOnlyVS<false>		
1e4945c105c0	legacy_horrornotes_original	KnightsEnd/Content/KnightsEnd/Blueprints/HorrorNotes/Widgets/UIElements/CenterBlood/T_CB_Blood_Mat.uasset	2567	narrow	T_CB_Blood_Mat	FDepthOnlyPS		
7aedd826e9e6	legacy_horrornotes_original	KnightsEnd/Content/KnightsEnd/Blueprints/HorrorNotes/Widgets/UIElements/CenterBlood/T_CB_Blood_Mat.uasset	2588	narrow	T_CB_Blood_Mat	FMaterialUniformPreshaderHeader		
876476a27091	legacy_horrornotes_original	KnightsEnd/Content/KnightsEnd/Blueprints/HorrorNotes/Widgets/UIElements/CenterBlood/T_CB_Blood_Mat.uasset	2628	narrow	T_CB_Blood_Mat	FMaterialUniformPreshaderField		
7693ffc58ffb	legacy_horrornotes_original	KnightsEnd/Content/KnightsEnd/Blueprints/HorrorNotes/Widgets/UIElements/CenterBlood/T_CB_Blood_Mat.uasset	2667	narrow	T_CB_Blood_Mat	FMaterialNumericParameterInfo		
af065df76744	legacy_horrornotes_original	KnightsEnd/Content/KnightsEnd/Blueprints/HorrorNotes/Widgets/UIElements/CenterBlood/T_CB_Blood_Mat.uasset	2705	narrow	T_CB_Blood_Mat	FMaterialTextureParameterInfo		
affbd8f07863	legacy_horrornotes_original	KnightsEnd/Content/KnightsEnd/Blueprints/HorrorNotes/Widgets/UIElements/CenterBlood/T_CB_Blood_Mat.uasset	2743	narrow	T_CB_Blood_Mat	FRHIUniformBufferResourceInitializer		
2a7d08b30fae	legacy_horrornotes_original	KnightsEnd/Content/KnightsEnd/Blueprints/HorrorNotes/Widgets/UIElements/CenterBlood/T_CB_Blood_Mat.uasset	2788	narrow	T_CB_Blood_Mat	SelectionColor		
e922ff7b55d7	legacy_horrornotes_original	KnightsEnd/Content/KnightsEnd/Blueprints/HorrorNotes/Widgets/UIElements/CenterBlood/T_CB_Blood_Mat.uasset	2811	narrow	T_CB_Blood_Mat	PCD3D_SM6		
af4e30481d6e	legacy_horrornotes_original	KnightsEnd/Content/KnightsEnd/Blueprints/HorrorNotes/Widgets/UIElements/CenterBlood/T_CB_Blood_Mat.uasset	2829	narrow	T_CB_Blood_Mat	PCD3D_SM5		
1128d66c01b9	legacy_horrornotes_original	KnightsEnd/Content/KnightsEnd/Blueprints/HorrorNotes/Widgets/UIElements/CenterBlood/T_CB_TextBlock.uasset	96	narrow	T_CB_TextBlock	PF_B8G8R8A8		
1128d66c01b9	legacy_horrornotes_original	KnightsEnd/Content/KnightsEnd/Blueprints/HorrorNotes/Widgets/UIElements/CenterBlood/T_CB_Texture.uasset	96	narrow	T_CB_Texture	PF_B8G8R8A8		
1128d66c01b9	legacy_horrornotes_original	KnightsEnd/Content/KnightsEnd/Blueprints/HorrorNotes/Widgets/UIElements/Side/T_SideTexture.uasset	96	narrow	T_SideTexture	PF_B8G8R8A8		
1128d66c01b9	legacy_horrornotes_original	KnightsEnd/Content/KnightsEnd/Blueprints/HorrorNotes/Widgets/UIElements/Side/T_TitleBar.uasset	96	narrow	T_TitleBar	PF_B8G8R8A8		
337910439909	legacy_horrornotes_original	KnightsEnd/Content/KnightsEnd/Blueprints/HorrorNotes/Widgets/W_HN_Blank.uasset	445	narrow	Note	UMG		
271529240d1d	legacy_horrornotes_original	KnightsEnd/Content/KnightsEnd/Blueprints/HorrorNotes/Widgets/W_HN_Blank.uasset	453	narrow	Note	TextBlockDefaultValue		
fdbb5b821c52	legacy_horrornotes_original	KnightsEnd/Content/KnightsEnd/Blueprints/HorrorNotes/Widgets/W_HN_Blank.uasset	479	narrow	Note	Text Block		
8d6a3090323c	legacy_horrornotes_original	KnightsEnd/Content/KnightsEnd/Blueprints/HorrorNotes/Widgets/W_HN_Blank.uasset	797	narrow	Title	UMG		
ef34aceb2fe5	legacy_horrornotes_original	KnightsEnd/Content/KnightsEnd/Blueprints/HorrorNotes/Widgets/W_HN_Blank.uasset	805	narrow	Title	TextBlockDefaultValue		
cb1e576c1e4a	legacy_horrornotes_original	KnightsEnd/Content/KnightsEnd/Blueprints/HorrorNotes/Widgets/W_HN_Blank.uasset	831	narrow	Title	Text Block		
4316a2d08190	legacy_horrornotes_original	KnightsEnd/Content/KnightsEnd/Blueprints/HorrorNotes/Widgets/W_HN_CenterBlood.uasset	1116	narrow	Note	UMG		
e3acada759ff	legacy_horrornotes_original	KnightsEnd/Content/KnightsEnd/Blueprints/HorrorNotes/Widgets/W_HN_CenterBlood.uasset	1124	narrow	Note	TextBlockDefaultValue		
75d6da7da55d	legacy_horrornotes_original	KnightsEnd/Content/KnightsEnd/Blueprints/HorrorNotes/Widgets/W_HN_CenterBlood.uasset	1150	narrow	Note	Text Block		
c92eb9a34efc	legacy_horrornotes_original	KnightsEnd/Content/KnightsEnd/Blueprints/HorrorNotes/Widgets/W_HN_CenterBlood.uasset	1466	narrow	Title	UMG		
d759a00fce5b	legacy_horrornotes_original	KnightsEnd/Content/KnightsEnd/Blueprints/HorrorNotes/Widgets/W_HN_CenterBlood.uasset	1474	narrow	Title	TextBlockDefaultValue		
7f7b4f1590f7	legacy_horrornotes_original	KnightsEnd/Content/KnightsEnd/Blueprints/HorrorNotes/Widgets/W_HN_CenterBlood.uasset	1500	narrow	Title	Text Block		
02bbd11d6d5d	legacy_horrornotes_original	KnightsEnd/Content/KnightsEnd/Blueprints/HorrorNotes/Widgets/W_HN_Page_Text.uasset	467	narrow	Note	UMG		
26932a6342f1	legacy_horrornotes_original	KnightsEnd/Content/KnightsEnd/Blueprints/HorrorNotes/Widgets/W_HN_Page_Text.uasset	475	narrow	Note	TextBlockDefaultValue		
361fefae7c61	legacy_horrornotes_original	KnightsEnd/Content/KnightsEnd/Blueprints/HorrorNotes/Widgets/W_HN_Page_Text.uasset	501	narrow	Note	Text Block		
c889aa95da1b	legacy_horrornotes_original	KnightsEnd/Content/KnightsEnd/Blueprints/HorrorNotes/Widgets/W_HN_Page_Text.uasset	864	narrow	Title	UMG		
5c063db0536a	legacy_horrornotes_original	KnightsEnd/Content/KnightsEnd/Blueprints/HorrorNotes/Widgets/W_HN_Page_Text.uasset	872	narrow	Title	TextBlockDefaultValue		
e93a4be02ea6	legacy_horrornotes_original	KnightsEnd/Content/KnightsEnd/Blueprints/HorrorNotes/Widgets/W_HN_Page_Text.uasset	898	narrow	Title	Text Block		
5fbe71f28df6	legacy_horrornotes_original	KnightsEnd/Content/KnightsEnd/Blueprints/HorrorNotes/Widgets/W_HN_Scrap.uasset	678	narrow	Note	UMG		
9a9f197189ff	legacy_horrornotes_original	KnightsEnd/Content/KnightsEnd/Blueprints/HorrorNotes/Widgets/W_HN_Scrap.uasset	686	narrow	Note	TextBlockDefaultValue		
c3148d5e3e2f	legacy_horrornotes_original	KnightsEnd/Content/KnightsEnd/Blueprints/HorrorNotes/Widgets/W_HN_Scrap.uasset	712	narrow	Note	Text Block		
04fbb1240381	legacy_horrornotes_original	KnightsEnd/Content/KnightsEnd/Blueprints/HorrorNotes/Widgets/W_HN_Scrap.uasset	1143	narrow	Title	UMG		
dc972ceac72f	legacy_horrornotes_original	KnightsEnd/Content/KnightsEnd/Blueprints/HorrorNotes/Widgets/W_HN_Scrap.uasset	1151	narrow	Title	TextBlockDefaultValue		
e1593226a068	legacy_horrornotes_original	KnightsEnd/Content/KnightsEnd/Blueprints/HorrorNotes/Widgets/W_HN_Scrap.uasset	1177	narrow	Title	Text Block		
038eab07736e	legacy_horrornotes_original	KnightsEnd/Content/KnightsEnd/Blueprints/HorrorNotes/Widgets/W_HN_Side.uasset	847	narrow	Note	UMG		
9c602ff1a8eb	legacy_horrornotes_original	KnightsEnd/Content/KnightsEnd/Blueprints/HorrorNotes/Widgets/W_HN_Side.uasset	855	narrow	Note	TextBlockDefaultValue		
2dbcb8e37bf1	legacy_horrornotes_original	KnightsEnd/Content/KnightsEnd/Blueprints/HorrorNotes/Widgets/W_HN_Side.uasset	881	narrow	Note	Text Block		
49b6d14101f5	legacy_horrornotes_original	KnightsEnd/Content/KnightsEnd/Blueprints/HorrorNotes/Widgets/W_HN_Side.uasset	1198	narrow	Title	UMG		
25423e3f0abc	legacy_horrornotes_original	KnightsEnd/Content/KnightsEnd/Blueprints/HorrorNotes/Widgets/W_HN_Side.uasset	1206	narrow	Title	TextBlockDefaultValue		
5165dfeec0da	legacy_horrornotes_original	KnightsEnd/Content/KnightsEnd/Blueprints/HorrorNotes/Widgets/W_HN_Side.uasset	1232	narrow	Title	Text Block		
6d46974f3ddb	legacy_horrornotes_original	KnightsEnd/Content/KnightsEnd/Blueprints/HorrorNotes/Widgets/W_HN_Simple.uasset	559	narrow	Note	UMG		
d57f00fcebba	legacy_horrornotes_original	KnightsEnd/Content/KnightsEnd/Blueprints/HorrorNotes/Widgets/W_HN_Simple.uasset	567	narrow	Note	TextBlockDefaultValue		
52bc96eb697e	legacy_horrornotes_original	KnightsEnd/Content/KnightsEnd/Blueprints/HorrorNotes/Widgets/W_HN_Simple.uasset	593	narrow	Note	Text Block		
c8d81bd6ca84	legacy_horrornotes_original	KnightsEnd/Content/KnightsEnd/Blueprints/HorrorNotes/Widgets/W_HN_Simple.uasset	911	narrow	Title	UMG		
6a3ec49271e7	legacy_horrornotes_original	KnightsEnd/Content/KnightsEnd/Blueprints/HorrorNotes/Widgets/W_HN_Simple.uasset	919	narrow	Title	TextBlockDefaultValue		
aeb2da2c45c8	legacy_horrornotes_original	KnightsEnd/Content/KnightsEnd/Blueprints/HorrorNotes/Widgets/W_HN_Simple.uasset	945	narrow	Title	Text Block		
55a5eb122c8b	legacy_full_original/KnightsEnd/Content/KnightsEnd/Maps/Levels	StreamingLevels/CastleArea.umap	1668438	narrow	BP_Signpost_C	village	Деревня	world sign text
e8cfcc297613	legacy_full_original/KnightsEnd/Content/KnightsEnd/Maps/Levels	StreamingLevels/CastleArea.umap	1668567	narrow	BP_Signpost_C	farm	Ферма	world sign text
9327043d3197	legacy_full_original/KnightsEnd/Content/KnightsEnd/Maps/Levels	StreamingLevels/CastleArea.umap	1668692	narrow	BP_Signpost_C	forest	Лес	world sign text
5df3bec94914	legacy_full_original/KnightsEnd/Content/KnightsEnd/Maps/Levels	StreamingLevels/CastleArea.umap	1668956	narrow	BP_Signpost_C	village	Деревня	world sign text
f50d28d05081	legacy_full_original/KnightsEnd/Content/KnightsEnd/Maps/Levels	StreamingLevels/CastleArea.umap	1669093	narrow	BP_Signpost_C	village	Деревня	world sign text
03b1a1ab2b6e	legacy_full_original/KnightsEnd/Content/KnightsEnd/Maps/Levels	StreamingLevels/CastleArea.umap	1669228	narrow	BP_Signpost_C	ye olde farm	Старая ферма	world sign text
113383eb1901	legacy_full_original/KnightsEnd/Content/KnightsEnd/Maps/Levels	StreamingLevels/CastleArea.umap	1669951	narrow	BP_Signpost_Hanging_C	Big Billy	Герась	world sign text
494e8f3724fb	legacy_full_original/KnightsEnd/Content/KnightsEnd/Maps/Levels	StreamingLevels/CastleArea.umap	1670092	narrow	BP_Signpost_Hanging_C	"Tis' Dangerous Outside
Take this"	"Снаружи опасно
Возьми это"	world sign text
effc422bd3b5	legacy_full_original/KnightsEnd/Content/KnightsEnd/Maps/Levels	StreamingLevels/CastleArea.umap	1670390	narrow	BP_Signpost_Hanging_C	merchant	Торговец	world sign text
5e1b2aeb34ca	legacy_full_original/KnightsEnd/Content/KnightsEnd/Maps/Levels	StreamingLevels/Farm.umap	642966	narrow	BP_Sign_Arrow_C	forest	Лес	world sign text
981e505596c1	legacy_full_original/KnightsEnd/Content/KnightsEnd/Maps/Levels	StreamingLevels/Forest.umap	3659574	narrow	BP_Signpost_C	abandoned village	Покинутая деревня	world sign text
fdfd255cdab2	legacy_full_original/KnightsEnd/Content/KnightsEnd/Maps/Levels	StreamingLevels/Forest.umap	3660095	narrow	BP_Signpost_C	forest ruins	Лесные руины	world sign text
63603d1cc040	legacy_full_original/KnightsEnd/Content/KnightsEnd/Maps/Levels	StreamingLevels/Forest.umap	3660227	narrow	BP_Signpost_C	forest ruins	Лесные руины	world sign text
598459ca39fc	legacy_full_original/KnightsEnd/Content/KnightsEnd/Maps/Levels	StreamingLevels/Forest.umap	3660944	narrow	BP_Signpost_C	forest ruins	Лесные руины	world sign text
e9d5f23257ac	legacy_full_original/KnightsEnd/Content/KnightsEnd/Maps/Levels	StreamingLevels/Forest.umap	3661358	narrow	BP_Signpost_C	village	Деревня	world sign text
5fc3c89e18e8	legacy_full_original/KnightsEnd/Content/KnightsEnd/Maps/Levels	StreamingLevels/Forest.umap	3661782	narrow	BP_Signpost_C	village	Деревня	world sign text
cd440bff93f3	legacy_full_original/KnightsEnd/Content/KnightsEnd/Maps/Levels	StreamingLevels/Forest.umap	3661919	narrow	BP_Signpost_C	abandoned village	Покинутая деревня	world sign text
b5c1a43053e5	legacy_full_original/KnightsEnd/Content/KnightsEnd/Maps/Levels	StreamingLevels/Forest.umap	3662072	narrow	BP_Signpost_C	abandoned village	Покинутая деревня	world sign text
a8f6a9e0baaa	legacy_full_original/KnightsEnd/Content/KnightsEnd/Maps/Levels	StreamingLevels/Forest.umap	3662519	narrow	BP_Signpost_C	village	Деревня	world sign text
7e042b8122ea	legacy_full_original/KnightsEnd/Content/KnightsEnd/Maps/Levels	StreamingLevels/LumberMill.umap	1470934	narrow	BP_Signpost_C	forest	Лес	world sign text
b3216c1b0157	legacy_full_original/KnightsEnd/Content/KnightsEnd/Maps/Levels	StreamingLevels/LumberMill.umap	1471195	narrow	BP_Signpost_C	forest	Лес	world sign text
06b080ea9fb2	legacy_full_original/KnightsEnd/Content/KnightsEnd/Maps/Levels	StreamingLevels/LumberMill.umap	1471324	narrow	BP_Signpost_C	farm	Ферма	world sign text
3f5b4a671a47	legacy_full_original/KnightsEnd/Content/KnightsEnd/Maps/Levels	StreamingLevels/LumberMill.umap	1471455	narrow	BP_Sign_Arrow_Post_C	forest	Лес	world sign text
bef0f97b531b	legacy_full_original/KnightsEnd/Content/KnightsEnd/Maps/Levels	StreamingLevels/LumberMill.umap	1471744	narrow	BP_Signpost_C	farm	Ферма	world sign text
fc841719664e	legacy_full_original/KnightsEnd/Content/KnightsEnd/Maps/Levels	StreamingLevels/LumberMill.umap	1472157	narrow	BP_Signpost_C	forest	Лес	world sign text
412e71c893ba	legacy_full_original/KnightsEnd/Content/KnightsEnd/Maps/Levels	StreamingLevels/LumberMill.umap	1472294	narrow	BP_Signpost_C	forest	Лес	world sign text
fc3f24e5a2d3	legacy_full_original/KnightsEnd/Content/KnightsEnd/Maps/Levels	StreamingLevels/LumberMill.umap	1472431	narrow	BP_Signpost_C	farm	Ферма	world sign text
07e82fae24a8	legacy_full_original/KnightsEnd/Content/KnightsEnd/Maps/Levels	StreamingLevels/Village.umap	293360	narrow	BP_Signpost_C	village	Деревня	world sign text
b924da300e0c	legacy_full_original/KnightsEnd/Content/KnightsEnd/Maps/Levels	StreamingLevels/Village.umap	293796	narrow	BP_Signpost_C	forest	Лес	world sign text
887e7387234a	legacy_full_original/KnightsEnd/Content/KnightsEnd/Maps/Levels	StreamingLevels/CastleArea.umap	1654708	narrow	BP_HintSpawner_C	Someones knocking on yee door, best answer it. . .	"Стучат в дверь.
Ответь."	short hint translation
e0b867ae4aa2	legacy_full_original/KnightsEnd/Content/KnightsEnd/Maps/Levels	KE_MainLevel.umap	318788	narrow	BP_HintSpawner_C	Use yee journal to check how much Honor yee have.	"Честь -
в журнале."	short hint translation
a3b1441fd468	legacy_full_original/KnightsEnd/Content/KnightsEnd/Maps/Levels	StreamingLevels/CastleArea.umap	1654552	narrow	BP_HintSpawner_C	Use yee journal to check Quest tasks!	"Задания -
в журнале."	short hint translation
ee77ec8bac2a	legacy_full_original/KnightsEnd/Content/KnightsEnd/Maps/Levels	StreamingLevels/CastleArea.umap	1655196	narrow	BP_HintSpawner_C	Check your health and stamina in the top left corner	"Здоровье и силы
слева сверху."	short hint translation
8ff3acf7ff19	legacy_full_original/KnightsEnd/Content/KnightsEnd/Maps/Levels	StreamingLevels/CastleArea.umap	1655368	narrow	BP_HintSpawner_C	Store items to your inventory with the hotbar keys	"Предметы -
в слоты 1-2."	short hint translation
8c81beab2035	legacy_full_original/KnightsEnd/Content/KnightsEnd/Maps/Levels	StreamingLevels/CastleArea.umap	1654394	narrow	BP_HintSpawner_C	Turn Back! Look back near the Castle Gates	"Назад!
Ищи у ворот."	short hint translation
a5e3eb133245	legacy_full_original/KnightsEnd/Content/KnightsEnd/Maps/Levels	StreamingLevels/CastleArea.umap	1654878	narrow	BP_HintSpawner_C	Turn Back! Look back near the Castle Gates	"Назад!
Ищи у ворот."	short hint translation
82942ba48927	legacy_full_original/KnightsEnd/Content/KnightsEnd/Maps/Levels	StreamingLevels/CastleArea.umap	1655036	narrow	BP_HintSpawner_C	Turn Back! Look back near the Castle Gates	"Назад!
Ищи у ворот."	short hint translation
ab33b8118829	legacy_full_original/KnightsEnd/Content/KnightsEnd/Maps/Levels	StreamingLevels/CastleArea.umap	1669803	narrow	BP_Sign_Hanging_C	"For the
Lost Knights"	"Заблудшим
рыцарям"	world sign text
3f3d5a8a62f6	legacy_full_original/KnightsEnd/Content/KnightsEnd/Maps/Levels	KE_MainLevel.umap	425416	narrow	BP_Signpost_C	outer gates	Ворота	world sign text
3e6e829e003c	legacy_full_original/KnightsEnd/Content/KnightsEnd/Maps/Levels	StreamingLevels/CastleArea.umap	1668177	narrow	BP_Sign_Arrow_C	graveyard	Погост	world sign text
3e348dbb06d8	legacy_full_original/KnightsEnd/Content/KnightsEnd/Maps/Levels	StreamingLevels/CastleArea.umap	1668307	narrow	BP_Sign_Arrow_C	lumbermill	Лесопилка	world sign text
33fdb33bc068	legacy_full_original/KnightsEnd/Content/KnightsEnd/Maps/Levels	StreamingLevels/CastleArea.umap	1668820	narrow	BP_Signpost_C	graveyard	Погост	world sign text
de78c29dff30	legacy_full_original/KnightsEnd/Content/KnightsEnd/Maps/Levels	StreamingLevels/CastleArea.umap	1669369	narrow	BP_Signpost_C	KEEP OFF THE WILDLIFE	Зверьё не трогать	world sign text
8f14905c73aa	legacy_full_original/KnightsEnd/Content/KnightsEnd/Maps/Levels	StreamingLevels/CastleArea.umap	1669523	narrow	BP_Signpost_C	tower beacon	Огонь башни	world sign text
1778e0a3718b	legacy_full_original/KnightsEnd/Content/KnightsEnd/Maps/Levels	StreamingLevels/CastleArea.umap	1669667	narrow	BP_Signpost_C	lumber mill	Лесопилка	world sign text
b7033b7d6c1a	legacy_full_original/KnightsEnd/Content/KnightsEnd/Maps/Levels	StreamingLevels/CastleArea.umap	1670256	narrow	BP_Signpost_Hanging_C	NOTES 	Записки	world sign text
4788fa52b442	legacy_full_original/KnightsEnd/Content/KnightsEnd/Maps/Levels	StreamingLevels/Farm.umap	643102	narrow	BP_Signpost_C	  castle walls	Стены замка	world sign text
41122e2092a5	legacy_full_original/KnightsEnd/Content/KnightsEnd/Maps/Levels	StreamingLevels/Farm.umap	643249	narrow	BP_Signpost_C	graveyard	Погост	world sign text
f619df6cea91	legacy_full_original/KnightsEnd/Content/KnightsEnd/Maps/Levels	StreamingLevels/Farm.umap	643391	narrow	BP_Signpost_C	garden	Сад	world sign text
90cc2ec98f5b	legacy_full_original/KnightsEnd/Content/KnightsEnd/Maps/Levels	StreamingLevels/Forest.umap	3659442	narrow	BP_Sign_Arrow_C	outergates	Ворота	world sign text
4439e08de5ad	legacy_full_original/KnightsEnd/Content/KnightsEnd/Maps/Levels	StreamingLevels/Forest.umap	3659716	narrow	BP_Signpost_C	cave	Пещера	world sign text
73019afb9aa7	legacy_full_original/KnightsEnd/Content/KnightsEnd/Maps/Levels	StreamingLevels/Forest.umap	3659843	narrow	BP_Signpost_C	pond	Пруд	world sign text
9849b3ad4478	legacy_full_original/KnightsEnd/Content/KnightsEnd/Maps/Levels	StreamingLevels/Forest.umap	3659970	narrow	BP_Signpost_C	pond	Пруд	world sign text
ef34e54b661c	legacy_full_original/KnightsEnd/Content/KnightsEnd/Maps/Levels	StreamingLevels/Forest.umap	3660369	narrow	BP_Sign_Arrow_Post_C	No Swimming	Не купаться	world sign text
e5cf38f994fa	legacy_full_original/KnightsEnd/Content/KnightsEnd/Maps/Levels	StreamingLevels/Forest.umap	3660520	narrow	BP_Sign_Arrow_Post_C	Beware the water	Бойся воды	world sign text
e0cc5408cf9c	legacy_full_original/KnightsEnd/Content/KnightsEnd/Maps/Levels	StreamingLevels/Forest.umap	3660676	narrow	BP_Signpost_C	pond	Пруд	world sign text
87f918eccc52	legacy_full_original/KnightsEnd/Content/KnightsEnd/Maps/Levels	StreamingLevels/Forest.umap	3660810	narrow	BP_Signpost_C	lake	Озеро	world sign text
1521f41997df	legacy_full_original/KnightsEnd/Content/KnightsEnd/Maps/Levels	StreamingLevels/Forest.umap	3661090	narrow	BP_Signpost_C	lake	Озеро	world sign text
71233f398a5a	legacy_full_original/KnightsEnd/Content/KnightsEnd/Maps/Levels	StreamingLevels/Forest.umap	3661224	narrow	BP_Signpost_C	lake	Озеро	world sign text
b2f8099863a6	legacy_full_original/KnightsEnd/Content/KnightsEnd/Maps/Levels	StreamingLevels/Forest.umap	3661497	narrow	BP_Signpost_C	  cave ahead	Впереди пещера	world sign text
9f18a3439f6c	legacy_full_original/KnightsEnd/Content/KnightsEnd/Maps/Levels	StreamingLevels/Forest.umap	3661640	narrow	BP_Signpost_C	cave ahead	Впереди пещера	world sign text
badada924e6f	legacy_full_original/KnightsEnd/Content/KnightsEnd/Maps/Levels	StreamingLevels/Forest.umap	3662224	narrow	BP_Signpost_C	outer gates	Ворота	world sign text
d599426eb2de	legacy_full_original/KnightsEnd/Content/KnightsEnd/Maps/Levels	StreamingLevels/Forest.umap	3662367	narrow	BP_Signpost_C	stay on ye paths!	Не сходи с троп!	world sign text
79df70631e2d	legacy_full_original/KnightsEnd/Content/KnightsEnd/Maps/Levels	StreamingLevels/Forest.umap	3662658	narrow	BP_Signpost_C	castle	Замок	world sign text
dfbdf47b22db	legacy_full_original/KnightsEnd/Content/KnightsEnd/Maps/Levels	StreamingLevels/Forest.umap	3662797	narrow	BP_Signpost_C	cave	Пещера	world sign text
99e1fcc3cf9d	legacy_full_original/KnightsEnd/Content/KnightsEnd/Maps/Levels	StreamingLevels/Forest.umap	3662934	narrow	BP_Signpost_C	  castle walls	Стены замка	world sign text
8ecaa792f221	legacy_full_original/KnightsEnd/Content/KnightsEnd/Maps/Levels	StreamingLevels/Forest.umap	3663079	narrow	BP_Signpost_C	pond	Пруд	world sign text
1825501f369e	legacy_full_original/KnightsEnd/Content/KnightsEnd/Maps/Levels	StreamingLevels/Forest.umap	3663207	narrow	BP_Signpost_C	"2x - Bluemushroom
1x - Rat Tail
2x - Fangs of a beast"	"2 Синегриба
1 Хвост крысы
2 Клыка зверя"	world sign text
71a611e06095	legacy_full_original/KnightsEnd/Content/KnightsEnd/Maps/Levels	StreamingLevels/LumberMill.umap	1470674	narrow	BP_Sign_Arrow_C	greaveyard	Погост	world sign text
3b77018b81c9	legacy_full_original/KnightsEnd/Content/KnightsEnd/Maps/Levels	StreamingLevels/LumberMill.umap	1470804	narrow	BP_Signpost_C	lumbermill	Лесопилка	world sign text
2f0cc86a4511	legacy_full_original/KnightsEnd/Content/KnightsEnd/Maps/Levels	StreamingLevels/LumberMill.umap	1471061	narrow	BP_Signpost_C	lumber mill	Лесопилка	world sign text
4011c88f2e1f	legacy_full_original/KnightsEnd/Content/KnightsEnd/Maps/Levels	StreamingLevels/LumberMill.umap	1471598	narrow	BP_Signpost_C	  castle wall	Стена замка	world sign text
8a5209929c3a	legacy_full_original/KnightsEnd/Content/KnightsEnd/Maps/Levels	StreamingLevels/LumberMill.umap	1471878	narrow	BP_Signpost_C	graveyard	Погост	world sign text
bd72761a32ac	legacy_full_original/KnightsEnd/Content/KnightsEnd/Maps/Levels	StreamingLevels/LumberMill.umap	1472017	narrow	BP_Signpost_C	lumbermill	Лесопилка	world sign text
41194f7be22a	legacy_full_original/KnightsEnd/Content/KnightsEnd/Maps/Levels	StreamingLevels/LumberMill.umap	1472567	narrow	BP_Signpost_C	castle	Замок	world sign text
01975ddbfd3a	legacy_full_original/KnightsEnd/Content/KnightsEnd/Maps/Levels	StreamingLevels/LumberMill.umap	1472698	narrow	BP_Signpost_Hanging_C	lumbermill	Лесопилка	world sign text
3ca33c41cd77	legacy_full_original/KnightsEnd/Content/KnightsEnd/Maps/Levels	StreamingLevels/Village.umap	293229	narrow	BP_Signpost_C	pond	Пруд	world sign text
74f5b83f1efa	legacy_full_original/KnightsEnd/Content/KnightsEnd/Maps/Levels	StreamingLevels/Village.umap	293651	narrow	BP_Signpost_C	  castle walls	Стены замка	world sign text
50054cf8d6ec	legacy_full_original/KnightsEnd/Content/KnightsEnd/Maps/Levels	StreamingLevels/Village.umap	293938	narrow	BP_Signpost_C	Inn	Трактир	world sign text
ad29bd965814	legacy_full_original/KnightsEnd/Content/KnightsEnd/Maps/Levels	StreamingLevels/Village.umap	294074	narrow	BP_Signpost_C	pond	Пруд	world sign text
9af45fb63df7	legacy_full_original/KnightsEnd/Content/KnightsEnd/Maps/Levels	StreamingLevels/Village.umap	294209	narrow	BP_Signpost_C	cave	Пещера	world sign text
e282a8854090	legacy_full_original/KnightsEnd/Content/KnightsEnd/Maps/Levels	StreamingLevels/Village.umap	294343	narrow	BP_Signpost_C	cave	Пещера	world sign text
0cebba0e37d2	legacy_full_original/KnightsEnd/Content/KnightsEnd/Maps/Levels	StreamingLevels/Village.umap	294477	narrow	BP_Signpost_C	pond beacon	Огонь пруда	world sign text
0fdf572e3eed	legacy_full_original/KnightsEnd/Content/KnightsEnd/Maps/Levels	StreamingLevels/Village.umap	294620	narrow	BP_Signpost_C	tower beacon	Огонь башни	world sign text
eed8fdaf64bb	legacy_full_original/KnightsEnd/Content/KnightsEnd/Maps/Levels	StreamingLevels/Village.umap	294757	narrow	BP_Sign_Hanging_C	Tavern Beacon	Огонь таверны	world sign text
d19c29471a75	legacy_full_original/KnightsEnd/Content/KnightsEnd/Maps/Levels	StreamingLevels/Village.umap	295021	narrow	BP_Signpost_Hanging_C	tavern	Таверна	world sign text
784686c195d1	legacy_full_original/KnightsEnd/Content/KnightsEnd/Maps/Levels	StreamingLevels/Village.umap	295157	narrow	BP_Signpost_Hanging_C	CLOSED	Закрыто	world sign text
4490ef9bb376	legacy_full_original/KnightsEnd/Content/KnightsEnd/Maps/Levels	StreamingLevels/Village.umap	295291	narrow	BP_Signpost_Hanging_C	church	Церковь	world sign text
f495db930fd2	legacy_full_original/KnightsEnd/Content/KnightsEnd/Maps/Levels	StreamingLevels/Village.umap	295424	narrow	BP_Signpost_Hanging_C	Blacksmith	Кузница	world sign text
07c1ab986339	legacy_full_original/KnightsEnd/Content/KnightsEnd/Maps/Levels	StreamingLevels/Village.umap	295565	narrow	BP_Signpost_Hanging_C	Market	Рынок	world sign text
2b9f23257385	legacy_full_original/KnightsEnd/Content/KnightsEnd/Maps/Levels	StreamingLevels/Village.umap	295702	narrow	BP_Signpost_Hanging_C	butcher	Мясник	world sign text
aa771bc7a728	legacy_full_original/KnightsEnd/Content/KnightsEnd/Maps/Levels	StreamingLevels/Village.umap	295836	narrow	BP_Signpost_Hanging_C	tavern	Таверна	world sign text
ec9e949aef11	legacy_full_original/KnightsEnd/Content/KnightsEnd/Maps/Levels	StreamingLevels/Village.umap	295973	narrow	BP_Signpost_Hanging_C	INN	Трактир	world sign text
0d88791a4925	legacy_full_original/KnightsEnd/Content/KnightsEnd/Maps/Levels	StreamingLevels/Village.umap	296108	narrow	BP_Signpost_Hanging_C	INN	Трактир	world sign text
d6cc15023929	legacy_full_original/KnightsEnd/Content/KnightsEnd/Maps/Levels	StreamingLevels/Village.umap	296243	narrow	BP_Signpost_Hanging_C	"One Way
--------->"	"Только
туда --->"	world sign text
9edf034e9a95	legacy_full_original/KnightsEnd/Content/KnightsEnd/Maps/Levels	StreamingLevels/Village.umap	293496	narrow	BP_Signpost_C	"apothacary 
beacon"	"Огонь
аптекаря"	world sign text
